DATE,ur,manemp,hrs,wage,manwage,pce,pcepi,pcepilfe,indpro,fedfunds,gs10,baa,paur,paclf,paemp,pamanemp,papermits,paclaims,pamanwage
2005-01-01,5.3,14257,,,,8497.7,85.585,87.625,95.9285,2.28,4.22,6.02,5.2,6203052,5673.7,686.7,2833.4258480947000,34048,
2005-02-01,5.4,14273,,,,8559.1,85.823,87.770,96.6287,2.5,4.17,5.82,5.2,6194762,5683.1,685.4,3642.2601245608100,20450,
2005-03-01,5.2,14269,,,,8598.4,86.080,87.987,96.4907,2.63,4.50,6.06,5.1,6208541,5674.7,684.0,3157.4973819786000,21304,
2005-04-01,5.2,14250,,,,8678.4,86.321,88.089,96.6809,2.79,4.34,6.05,5.1,6205286,5698.8,682.5,3326.3323281246500,18693,
2005-05-01,5.1,14256,,,,8671.6,86.370,88.269,96.7925,3,4.14,6.01,5.0,6257401,5698.9,682.1,3492.6028177761800,16935,
2005-06-01,5.0,14227,,,,8753.4,86.423,88.330,97.1900,3.04,4.00,5.86,4.9,6299237,5701.0,681.0,3928.9469210358200,21274,
2005-07-01,5.0,14226,,,,8853.8,86.790,88.460,96.8981,3.26,4.18,5.95,4.9,6364578,5714.9,680.4,4084.7242596390000,19034,
2005-08-01,4.9,14203,,,,8850.1,87.140,88.532,97.2223,3.5,4.26,5.96,4.9,6320166,5713.4,678.8,3877.0483991732700,16024,
2005-09-01,5.0,14175,,,,8900.4,87.981,88.728,95.3463,3.62,4.20,6.03,4.9,6254922,5719.8,677.0,4072.9742175552300,15400,
2005-10-01,5.0,14192,,,,8938.5,88.121,88.982,96.4981,3.78,4.46,6.30,4.9,6260972,5714.4,675.5,3734.2408165435000,17664,
2005-11-01,5.0,14187,,,,8946.2,87.938,89.210,97.5646,4,4.54,6.39,4.9,6271599,5720.4,674.8,4769.6871296203300,20454,
2005-12-01,4.9,14193,,,,8981.1,87.938,89.302,98.0222,4.16,4.47,6.32,4.8,6239194,5720.1,672.9,3403.1769547407200,32024,
2006-01-01,4.7,14210,,,,9071.6,88.364,89.503,98.2044,4.29,4.42,6.24,4.8,6221786,5728.1,673.4,4170.2154088411300,29667,
2006-02-01,4.8,14209,,,,9096.0,88.417,89.647,98.2404,4.49,4.57,6.27,4.7,6216713,5740.6,673.4,3560.4045385431200,21949,
2006-03-01,4.7,14214,98.0,20.04,20.71,9132.9,88.588,89.894,98.4742,4.59,4.72,6.41,4.7,6233135,5748.8,674.3,4431.5655599064600,20301,
2006-04-01,4.7,14226,98.4,20.16,20.85,9191.6,88.999,90.169,98.7765,4.79,4.99,6.68,4.7,6243191,5754.8,674.8,3527.9680399058900,19545,
2006-05-01,4.6,14203,98.4,20.13,20.73,9231.8,89.239,90.395,98.7884,4.94,5.11,6.75,4.7,6272749,5753.9,672.8,3524.8514529238600,19074,
2006-06-01,4.6,14213,98.8,20.22,20.81,9259.6,89.459,90.623,99.1069,4.99,5.11,6.78,4.8,6349261,5755.5,672.7,3290.4653980399800,22019,
2006-07-01,4.7,14188,98.9,20.30,20.94,9343.8,89.765,90.712,99.0357,5.24,5.09,6.76,4.8,6403437,5755.0,671.6,3005.5047324485400,21189,
2006-08-01,4.7,14159,98.7,20.32,20.94,9342.2,90.047,90.896,99.4583,5.25,4.88,6.59,4.8,6365481,5760.2,671.1,3124.7661511008900,16346,
2006-09-01,4.5,14125,99.1,20.41,21.02,9375.4,89.812,91.040,99.2544,5.25,4.72,6.43,4.7,6300244,5765.3,669.4,2660.3905070082400,16038,
2006-10-01,4.4,14075,98.8,20.44,21.17,9393.6,89.599,91.204,99.1514,5.25,4.73,6.42,4.7,6311526,5769.6,667.5,3158.8471141342300,18253,
2006-11-01,4.5,14041,99.3,20.48,21.13,9400.2,89.630,91.248,99.0974,5.25,4.60,6.20,4.6,6334124,5771.4,666.4,2650.9961492327200,21813,
2006-12-01,4.4,14015,99.4,20.57,21.29,9488.3,89.949,91.370,100.1117,5.24,4.56,6.22,4.5,6323930,5781.7,665.2,3270.6952297061500,31977,
2007-01-01,4.6,14008,99.4,20.60,21.19,9538.7,90.249,91.741,99.7226,5.25,4.76,6.34,4.4,6305723,5785.5,664.8,3466.7336592388100,31907,20.52
2007-02-01,4.5,13997,99.4,20.68,21.30,9566.0,90.529,91.939,100.6919,5.26,4.72,6.28,4.4,6277530,5775.0,660.6,2271.2274752440100,27471,20.57
2007-03-01,4.4,13970,99.9,20.72,21.29,9611.7,90.861,92.032,100.8857,5.26,4.56,6.27,4.4,6279461,5790.9,663.2,3054.3813568945300,21056,20.47
2007-04-01,4.5,13945,99.6,20.79,21.44,9643.6,91.074,92.163,101.5777,5.25,4.69,6.39,4.4,6266114,5788.3,663.1,3180.6592857511100,22280,20.67
2007-05-01,4.4,13929,100.0,20.84,21.43,9685.8,91.339,92.272,101.6481,5.25,4.75,6.39,4.4,6312733,5796.6,661.8,3069.9229174460400,17983,20.54
2007-06-01,4.6,13911,100.3,20.95,21.54,9706.8,91.532,92.424,101.6741,5.25,5.10,6.70,4.5,6404279,5809.7,661.8,2927.5044826049800,21514,20.60
2007-07-01,4.7,13889,100.1,20.95,21.57,9751.1,91.672,92.563,101.5627,5.26,5.00,6.65,4.5,6447458,5809.4,660.6,2788.5665585271300,21811,20.54
2007-08-01,4.6,13828,100.0,21.00,21.62,9798.9,91.734,92.701,101.7751,5.02,4.67,6.65,4.6,6390584,5804.9,657.9,3678.8002136726100,17291,20.57
2007-09-01,4.7,13790,100.0,21.04,21.65,9845.1,92.088,92.954,102.0279,4.94,4.52,6.59,4.7,6362306,5799.8,655.4,2469.9531537899200,16143,20.73
2007-10-01,4.7,13764,99.8,21.06,21.57,9882.7,92.367,93.196,101.7289,4.76,4.53,6.48,4.8,6359630,5807.7,655.9,2506.5486623661500,19526,20.73
2007-11-01,4.7,13757,100.1,21.12,21.68,9955.9,92.856,93.379,102.3185,4.49,4.15,6.40,4.8,6382737,5810.5,655.8,2257.9466666199200,22855,20.70
2007-12-01,5.0,13746,100.2,21.18,21.78,9972.8,93.072,93.567,102.3074,4.24,4.10,6.65,4.8,6370499,5811.4,655.6,1960.5342063901500,33936,20.81
2008-01-01,5.0,13725,100.2,21.19,21.70,9996.4,93.307,93.753,102.1686,3.94,3.74,6.54,4.8,6380089,5819.3,654.9,2216.4696556709400,32677,20.88
2008-02-01,4.9,13696,100.1,21.26,21.84,9981.7,93.492,93.844,101.7673,2.98,3.74,6.82,4.8,6344329,5817.3,654.4,2210.2112493813000,25745,20.91
2008-03-01,5.1,13659,100.3,21.36,21.96,10035.3,93.760,94.028,101.3986,2.61,3.51,6.89,4.9,6352367,5810.7,653.6,2066.9727237088500,23305,21.05
2008-04-01,5.0,13599,99.5,21.38,21.90,10070.3,93.934,94.083,100.7238,2.28,3.68,6.97,4.9,6377210,5822.5,651.6,2142.2321605103000,21160,21.10
2008-05-01,5.4,13564,99.6,21.47,22.04,10132.3,94.337,94.255,100.1399,1.98,3.88,6.93,5.0,6438998,5821.6,650.7,2230.0210822191100,20546,21.04
2008-06-01,5.6,13504,99.5,21.52,22.17,10187.1,95.021,94.471,99.9141,2,4.10,7.07,5.1,6498396,5815.6,648.3,1938.2845193537900,25262,21.07
2008-07-01,5.8,13430,99.0,21.59,22.13,10185.1,95.463,94.641,99.4943,2.01,4.01,7.16,5.2,6546880,5809.3,646.0,1866.4816233376800,22819,21.17
2008-08-01,6.1,13358,98.7,21.70,22.23,10175.7,95.386,94.757,97.9367,2,3.89,7.15,5.4,6514491,5806.0,643.3,1816.7462333334500,20070,21.19
2008-09-01,6.1,13275,98.1,21.72,22.27,10116.4,95.465,94.854,93.6585,1.81,3.69,7.31,5.5,6454717,5802.2,639.9,1653.9455779604300,20188,21.24
2008-10-01,6.5,13147,97.6,21.76,22.44,10034.1,94.835,94.719,94.5845,0.97,3.81,8.88,5.8,6471603,5783.5,635.1,1743.3405060001100,23841,21.32
2008-11-01,6.8,13034,96.7,21.88,22.59,9885.2,93.716,94.677,93.3455,0.39,3.53,9.21,6.2,6454880,5757.5,629.0,1376.9173160399100,31683,21.41
2008-12-01,7.3,12850,95.6,21.94,22.63,9801.5,93.192,94.631,90.7183,0.16,2.42,8.43,6.6,6443474,5741.5,624.0,1226.4918467545400,45404,21.32
2009-01-01,7.8,12561,95.1,21.97,22.77,9847.2,93.203,94.602,88.4683,0.15,2.52,8.14,7.0,6436433,5704.0,612.2,1180.4229774570100,47865,21.42
2009-02-01,8.3,12380,94.5,21.99,22.90,9824.5,93.369,94.677,87.9360,0.22,2.87,8.08,7.4,6430827,5685.9,601.8,1226.8376465433400,38852,21.49
2009-03-01,8.7,12208,93.3,22.06,23.00,9773.2,93.267,94.745,86.5503,0.18,2.82,8.42,7.7,6398265,5651.5,591.2,1334.0368461422800,38105,21.62
2009-04-01,9.0,12030,92.6,22.09,23.03,9772.5,93.401,94.957,85.8598,0.15,2.93,8.39,8.0,6396603,5623.9,583.0,1323.3133100183800,37603,21.70
2009-05-01,9.4,11862,92.4,22.10,23.01,9791.6,93.498,95.030,84.9991,0.18,3.29,8.06,8.1,6450395,5619.9,575.2,1154.5079455441100,34139,21.64
2009-06-01,9.5,11726,91.7,22.13,23.03,9852.4,94.053,95.151,84.7277,0.21,3.72,7.50,8.2,6486735,5605.5,569.0,1273.7805821513900,39960,21.64
2009-07-01,9.5,11668,91.8,22.18,23.10,9886.3,94.063,95.233,85.7091,0.16,3.56,7.09,8.2,6516324,5589.9,563.9,1592.0451693567100,35476,21.77
2009-08-01,9.6,11626,91.6,22.23,23.11,10004.1,94.336,95.374,86.6333,0.16,3.59,6.58,8.2,6436501,5584.0,561.8,1672.4851660562200,29852,21.74
2009-09-01,9.8,11591,91.7,22.26,23.14,9927.8,94.489,95.541,87.3615,0.15,3.40,6.31,8.2,6349457,5582.9,560.5,1661.6645942806200,28140,21.80
2009-10-01,10.0,11538,91.2,22.30,23.12,9976.7,94.847,95.893,87.5488,0.12,3.39,6.29,8.2,6320240,5585.0,559.9,1566.2973426731500,29893,21.81
2009-11-01,9.9,11509,91.5,22.36,23.18,9985.7,95.084,95.978,87.9144,0.12,3.40,6.32,8.2,6312994,5584.9,559.4,1507.6713420760200,32413,21.90
2009-12-01,9.9,11475,91.3,22.36,23.13,10052.6,95.140,96.060,88.2318,0.12,3.59,6.37,8.3,6268077,5580.2,558.6,2951.8317239531500,40965,22.06
2010-01-01,9.8,11460,91.9,22.41,23.15,10056.1,95.348,96.201,89.1936,0.11,3.73,6.25,8.4,6326572,5574.6,557.7,1746.3167604749200,43350,22.06
2010-02-01,9.8,11453,91.0,22.45,23.22,10093.4,95.345,96.285,89.5089,0.13,3.69,6.34,8.5,6316328,5562.6,557.6,1779.2139359180100,32904,22.09
2010-03-01,9.9,11453,91.6,22.45,23.18,10156.0,95.480,96.429,90.1449,0.16,3.73,6.27,8.5,6306264,5584.5,558.8,1691.7572815617700,26002,21.91
2010-04-01,9.9,11489,92.1,22.49,23.21,10182.3,95.532,96.478,90.4740,0.2,3.85,6.25,8.4,6342316,5608.3,560.8,1487.5212617549900,25954,22.04
2010-05-01,9.6,11525,92.2,22.53,23.31,10210.8,95.562,96.585,91.7131,0.2,3.42,6.05,8.3,6384258,5632.5,561.2,1635.8677955890700,23620,21.92
2010-06-01,9.4,11545,92.3,22.53,23.24,10231.3,95.522,96.632,91.9287,0.18,3.20,6.23,8.1,6401542,5636.1,561.9,1626.3742135789900,26976,21.84
2010-07-01,9.4,11561,92.3,22.59,23.36,10268.1,95.604,96.633,92.2737,0.18,3.01,6.01,8.0,6446828,5628.1,562.1,1399.0709858658700,24571,21.97
2010-08-01,9.5,11553,92.7,22.62,23.43,10307.1,95.735,96.726,92.6150,0.19,2.70,5.66,8.0,6414809,5637.8,561.5,1771.3264194730700,21951,21.94
2010-09-01,9.5,11563,93.1,22.67,23.43,10327.1,95.830,96.781,92.8668,0.19,2.65,5.66,8.0,6359191,5632.1,561.5,1974.7903389016800,20568,21.97
2010-10-01,9.4,11562,93.3,22.74,23.48,10386.4,96.135,96.928,92.6138,0.19,2.54,5.72,8.0,6348158,5649.3,561.8,1765.0346534622300,24584,21.83
2010-11-01,9.8,11585,93.1,22.73,23.41,10433.6,96.327,97.054,92.6772,0.19,2.76,5.92,7.9,6349538,5653.9,561.9,1593.3987569432200,25650,21.90
2010-12-01,9.3,11595,93.5,22.76,23.48,10471.0,96.545,97.074,93.5741,0.18,3.29,6.10,7.9,6331458,5658.8,561.9,3631.4121444904300,34191,22.06
2011-01-01,9.1,11621,93.2,22.85,23.62,10514.3,96.835,97.283,93.3793,0.17,3.39,6.09,7.8,6343116,5662.8,562.2,1765.4137416174000,38004,22.30
2011-02-01,9.0,11654,93.7,22.87,23.50,10540.6,97.105,97.453,93.0051,0.16,3.58,6.15,7.7,6325735,5667.7,563.4,1352.4876354314200,26356,22.30
2011-03-01,9.0,11675,93.9,22.87,23.54,10619.7,97.496,97.600,93.9780,0.14,3.41,6.03,7.6,6320543,5674.1,564.4,1120.0142079518100,23615,22.42
2011-04-01,9.1,11704,94.5,22.92,23.60,10652.1,97.908,97.824,93.6525,0.1,3.46,6.02,7.6,6323160,5686.6,566.0,1107.8512791560400,23943,22.56
2011-05-01,9.0,11713,94.3,22.99,23.69,10672.2,98.206,98.057,93.7878,0.09,3.17,5.78,7.7,6369372,5684.4,566.4,1582.6598715572200,22974,22.72
2011-06-01,9.1,11727,94.5,23.01,23.67,10694.8,98.186,98.164,94.0378,0.09,3.00,5.75,7.8,6433508,5693.2,565.8,1198.0841629646600,26303,22.61
2011-07-01,9.0,11746,94.9,23.10,23.76,10731.6,98.353,98.309,94.5146,0.07,3.00,5.76,7.8,6453692,5684.9,567.2,1103.9884424563500,23585,22.63
2011-08-01,9.0,11764,94.8,23.07,23.70,10750.3,98.584,98.505,95.1263,0.1,2.30,5.36,7.9,6433848,5684.0,567.8,1362.9713975276700,20962,22.68
2011-09-01,9.0,11769,95.3,23.11,23.75,10783.2,98.723,98.572,95.0732,0.08,1.98,5.27,7.9,6402625,5695.4,567.8,1409.8771356004400,23282,22.86
2011-10-01,8.8,11780,95.5,23.20,23.88,10802.9,98.725,98.619,95.7291,0.07,2.15,5.37,7.8,6402777,5694.7,566.9,1264.3723982614000,21356,22.97
2011-11-01,8.6,11770,95.6,23.19,23.73,10806.8,98.928,98.828,95.7455,0.08,2.01,5.14,7.7,6391308,5703.8,566.8,1805.3861048118100,24212,23.13
2011-12-01,8.5,11802,95.8,23.21,23.82,10817.8,98.984,98.992,96.2147,0.07,1.98,5.25,7.6,6381298,5705.4,567.6,1338.3366349641400,33837,23.30
2012-01-01,8.3,11838,96.4,23.24,23.86,10896.8,99.323,99.288,96.8051,0.08,1.97,5.23,7.5,6365988,5710.4,568.5,1761.7816322389400,34542,23.19
2012-02-01,8.3,11860,96.6,23.27,23.85,10987.2,99.545,99.426,97.1033,0.1,1.97,5.14,7.5,6376226,5727.0,569.2,1584.0082208596100,23692,23.18
2012-03-01,8.2,11898,96.6,23.36,23.88,10993.9,99.735,99.595,96.5973,0.13,2.17,5.23,7.5,6382671,5745.7,569.6,1520.2257835323200,21532,23.42
2012-04-01,8.2,11916,96.9,23.39,23.94,11018.5,99.866,99.746,97.3006,0.14,2.05,5.19,7.6,6383376,5730.5,569.4,1632.8852300356500,23173,23.74
2012-05-01,8.2,11927,96.7,23.39,23.80,11006.8,99.754,99.847,97.5046,0.16,1.80,5.07,7.7,6456508,5729.3,569.1,1417.5115004801300,22038,23.62
2012-06-01,8.2,11936,96.8,23.46,23.90,10989.8,99.704,99.950,97.4903,0.16,1.62,5.02,7.7,6525184,5724.7,569.1,1839.9400084866400,25959,23.55
2012-07-01,8.2,11964,96.9,23.51,23.93,11016.8,99.740,100.053,97.7234,0.16,1.53,4.87,7.8,6554386,5718.0,569.0,1824.3024835379500,22454,23.60
2012-08-01,8.1,11960,97.1,23.49,23.90,11056.0,100.075,100.116,97.3130,0.13,1.68,4.91,7.8,6500499,5720.5,568.3,1513.0004855525200,19747,23.49
2012-09-01,7.8,11954,97.2,23.57,23.94,11105.3,100.379,100.240,97.2405,0.14,1.72,4.84,7.7,6464492,5729.0,567.7,1434.0932924314800,18948,23.78
2012-10-01,7.8,11961,97.4,23.56,23.91,11137.4,100.677,100.482,97.5610,0.16,1.75,4.58,7.7,6483015,5728.2,566.7,1443.5613996942600,20941,23.89
2012-11-01,7.7,11950,97.5,23.63,23.99,11178.4,100.609,100.591,97.9589,0.16,1.65,4.51,7.7,6455164,5729.2,566.2,1453.0197716047700,28692,23.90
2012-12-01,7.9,11960,98.0,23.73,24.08,11181.2,100.593,100.664,98.2061,0.16,1.72,4.63,7.7,6440767,5728.6,565.3,2434.3222293965300,33891,24.13
2013-01-01,8.0,11983,97.9,23.76,24.05,11245.8,100.787,100.871,98.1990,0.14,1.91,4.73,7.6,6437518,5728.3,565.9,1631.5251940107200,33040,23.96
2013-02-01,7.7,11996,98.4,23.77,24.13,11282.1,101.156,100.992,98.6835,0.15,1.98,4.85,7.5,6405544,5742.2,566.2,1570.0141232834700,23209,24.20
2013-03-01,7.5,11999,98.6,23.81,24.16,11268.9,101.023,101.085,99.0994,0.14,1.96,4.85,7.4,6374380,5745.8,565.5,2117.5406399734800,21778,24.16
2013-04-01,7.6,12000,98.4,23.87,24.24,11259.3,100.944,101.163,98.9898,0.15,1.76,4.59,7.3,6391570,5733.1,565.2,1949.1787728000000,20535,24.13
2013-05-01,7.5,12000,98.9,23.89,24.32,11295.1,101.010,101.272,99.0782,0.11,1.93,4.73,7.2,6448955,5738.1,565.0,1920.5407369731400,19418,24.20
2013-06-01,7.5,12004,99.1,23.97,24.36,11318.5,101.228,101.438,99.2141,0.09,2.30,5.19,7.1,6505615,5735.4,565.1,1681.6666602357700,23236,24.09
2013-07-01,7.3,11984,98.9,23.98,24.37,11346.8,101.354,101.567,98.9132,0.09,2.58,5.32,7.1,6523638,5738.2,564.5,2389.6317583429500,23096,23.88
2013-08-01,7.2,12014,99.4,24.03,24.41,11376.9,101.510,101.685,99.4891,0.08,2.74,5.42,7.0,6456787,5742.6,564.0,1713.5917984483600,17953,23.97
2013-09-01,7.2,12032,99.3,24.06,24.48,11413.9,101.550,101.799,100.0172,0.08,2.81,5.47,6.9,6410576,5744.9,565.4,1594.4283171706500,16839,24.04
2013-10-01,7.2,12056,99.5,24.09,24.47,11465.2,101.722,102.015,99.9038,0.09,2.62,5.31,6.8,6369822,5744.6,566.4,1878.6113265718800,19317,23.87
2013-11-01,6.9,12079,100.0,24.16,24.58,11531.3,101.881,102.194,100.1479,0.08,2.72,5.38,6.7,6368267,5747.9,567.1,2021.2454183722700,22578,24.10
2013-12-01,6.7,12083,99.8,24.17,24.61,11558.6,102.084,102.333,100.3576,0.09,2.90,5.38,6.6,6345373,5747.8,566.6,1747.1791743901400,34108,24.34
2014-01-01,6.6,12081,99.9,24.21,24.68,11543.7,102.278,102.426,99.9828,0.07,2.86,5.19,6.5,6349260,5754.8,566.8,1913.8367456804400,32235,24.15
2014-02-01,6.7,12106,99.8,24.32,24.73,11615.4,102.338,102.489,100.7485,0.07,2.71,5.10,6.4,6363192,5748.1,566.8,1145.1085279759800,24539,24.57
2014-03-01,6.7,12120,100.6,24.31,24.73,11695.2,102.543,102.684,101.7391,0.08,2.72,5.06,6.3,6366283,5761.4,567.7,1865.2872060242600,19359,24.29
2014-04-01,6.2,12134,100.8,24.34,24.71,11737.4,102.742,102.879,101.8023,0.09,2.71,4.90,6.2,6348311,5775.8,567.3,2244.0176572504200,19345,24.31
2014-05-01,6.3,12146,101.1,24.40,24.74,11778.6,102.919,103.061,102.2116,0.09,2.56,4.76,6.1,6399956,5785.7,568.1,1899.2256240044800,17542,24.01
2014-06-01,6.1,12170,101.3,24.45,24.83,11838.0,103.035,103.180,102.5637,0.1,2.60,4.80,6.0,6439187,5791.6,567.8,1773.7355049562100,22148,24.05
2014-07-01,6.2,12189,101.5,24.48,24.84,11879.2,103.190,103.369,102.8425,0.09,2.54,4.73,5.8,6479612,5789.2,568.2,1929.7435465601800,18912,23.81
2014-08-01,6.1,12208,102.0,24.56,24.89,11958.8,103.177,103.408,102.6499,0.09,2.42,4.69,5.7,6414748,5797.8,568.7,1631.6448293580400,15419,23.83
2014-09-01,5.9,12226,101.9,24.56,24.83,11964.9,103.203,103.536,102.9647,0.09,2.53,4.80,5.6,6371399,5801.3,568.4,2005.7876066012600,13656,23.88
2014-10-01,5.7,12259,102.4,24.58,24.90,12035.5,103.177,103.629,102.9704,0.09,2.30,4.69,5.6,6402781,5808.5,569.2,1936.7971622721600,16122,23.88
2014-11-01,5.8,12284,102.6,24.65,24.93,12058.4,103.098,103.740,103.6017,0.09,2.33,4.79,5.5,6379681,5817.1,571.1,1896.3940876281800,20574,23.98
2014-12-01,5.6,12292,102.9,24.65,24.92,12067.6,102.940,103.837,103.5920,0.12,2.21,4.74,5.5,6354302,5825.6,572.0,1656.9649025397100,27898,23.92
2015-01-01,5.7,12292,102.7,24.73,24.98,12036.5,102.465,103.816,102.7980,0.11,1.88,4.45,5.5,6377962,5813.9,571.5,1240.9039825959800,30423,23.92
2015-02-01,5.5,12301,103.2,24.78,25.03,12083.1,102.634,103.920,102.1554,0.11,1.98,4.51,5.5,6366355,5818.7,571.6,1725.1379767140000,22155,23.76
2015-03-01,5.4,12312,103.0,24.84,25.09,12132.2,102.831,104.080,101.8077,0.11,2.04,4.54,5.5,6346209,5805.5,570.8,1174.8189164575200,19107,23.91
2015-04-01,5.4,12318,103.2,24.89,25.12,12170.3,102.910,104.256,101.2285,0.12,1.94,4.48,5.5,6377394,5816.8,570.8,2714.2248718600300,18469,23.89
2015-05-01,5.6,12333,103.5,24.96,25.15,12233.6,103.156,104.385,100.7536,0.12,2.20,4.89,5.5,6450711,5835.6,571.2,1669.1621449800500,15678,23.96
2015-06-01,5.3,12334,103.7,24.98,25.14,12270.3,103.356,104.511,100.4529,0.13,2.36,5.13,5.4,6491734,5840.9,569.7,2079.8078547522300,21375,24.03
2015-07-01,5.2,12349,103.9,25.01,25.23,12327.5,103.441,104.603,101.1100,0.13,2.32,5.20,5.4,6512593,5840.1,569.7,1721.7191131407900,18394,24.12
2015-08-01,5.1,12345,104.0,25.10,25.37,12359.3,103.442,104.679,100.8802,0.14,2.17,5.19,5.3,6458270,5844.5,569.0,1750.2779616193700,15305,24.19
2015-09-01,5.0,12354,104.1,25.11,25.40,12356.4,103.289,104.814,100.6080,0.14,2.17,5.34,5.3,6412366,5843.5,568.7,1990.6374310306500,13922,24.23
2015-10-01,5.0,12362,104.7,25.20,25.43,12362.3,103.274,104.829,100.1510,0.12,2.07,5.34,5.3,6433766,5848.3,566.0,1980.9224352298500,16155,24.13
2015-11-01,5.1,12357,104.6,25.24,25.51,12397.5,103.337,104.940,99.3817,0.12,2.26,5.46,5.2,6430787,5852.3,564.7,1809.2577468003700,19997,24.12
2015-12-01,5.0,12362,104.8,25.27,25.53,12432.8,103.253,105.009,98.8572,0.24,2.24,5.46,5.3,6419711,5859.4,563.8,2100.8907018591800,26133,24.03
2016-01-01,4.8,12383,105.2,25.36,25.61,12452.1,103.306,105.204,99.4086,0.34,2.09,5.45,5.3,6432171,5856.6,563.5,1740.4657745752800,30805,24.21
2016-02-01,4.9,12365,104.7,25.39,25.66,12526.3,103.242,105.369,98.8946,0.38,1.78,5.34,5.3,6450299,5859.7,562.0,1916.3178855535100,19484,24.09
2016-03-01,5.0,12342,104.9,25.45,25.76,12506.8,103.481,105.521,98.1385,0.36,1.89,5.13,5.3,6446704,5874.0,561.6,1684.1850552577900,16987,24.03
2016-04-01,5.1,12353,105.1,25.53,25.86,12586.0,103.823,105.786,98.4364,0.37,1.81,4.79,5.4,6437380,5880.6,560.7,1586.3678628829800,16756,24.08
2016-05-01,4.8,12332,105.1,25.57,25.97,12624.4,103.977,105.948,98.2096,0.37,1.81,4.68,5.4,6478293,5871.0,560.6,1709.3200999867500,16822,24.14
2016-06-01,4.9,12350,105.3,25.63,25.99,12701.7,104.175,106.077,98.6766,0.38,1.64,4.53,5.4,6520474,5868.1,560.5,1944.5689884867500,19899,24.38
2016-07-01,4.8,12372,105.6,25.69,26.00,12720.6,104.218,106.257,98.8371,0.39,1.50,4.22,5.4,6547445,5889.8,560.0,1213.3841739213600,16129,24.65
2016-08-01,4.9,12348,105.4,25.72,26.13,12749.8,104.374,106.456,98.7302,0.4,1.56,4.24,5.4,6500028,5887.5,560.0,1860.9262704547800,14445,24.47
2016-09-01,5.0,12347,105.9,25.77,26.12,12806.8,104.555,106.579,98.6287,0.4,1.63,4.31,5.4,6462234,5903.5,559.5,2056.8899517466900,13153,24.86
2016-10-01,4.9,12345,106.0,25.88,26.27,12828.1,104.786,106.737,98.7126,0.4,1.76,4.38,5.3,6450443,5898.6,560.1,1978.2496926463300,14370,24.98
2016-11-01,4.7,12342,106.2,25.91,26.25,12853.6,104.826,106.789,98.3004,0.41,2.14,4.71,5.3,6413754,5900.2,560.1,1989.8431454279700,16993,25.02
2016-12-01,4.7,12355,106.3,25.94,26.32,12962.9,105.017,106.929,98.9063,0.54,2.49,4.83,5.2,6367458,5902.5,560.5,1628.0188661472800,23218,25.17
2017-01-01,4.7,12366,106.5,26.03,26.40,13020.4,105.408,107.205,98.7349,0.65,2.43,4.66,5.2,6454653,5916.1,561.1,1814.6544339846600,24820,25.27
2017-02-01,4.6,12380,106.3,26.08,26.42,13038.6,105.570,107.414,98.4178,0.66,2.42,4.64,5.1,6481262,5918.9,561.2,1747.0257682629400,16099,25.14
2017-03-01,4.4,12393,106.5,26.11,26.42,13089.3,105.512,107.364,99.0726,0.79,2.48,4.68,5.1,6476758,5917.1,561.8,2595.2700422925400,16346,25.25
2017-04-01,4.4,12400,106.9,26.17,26.55,13114.1,105.744,107.620,100.0545,0.9,2.30,4.57,5.0,6476719,5926.0,562.3,1643.0631786179700,13650,25.72
2017-05-01,4.4,12409,107.1,26.21,26.52,13117.6,105.714,107.719,100.1390,0.91,2.30,4.55,5.0,6486014,5935.1,562.2,2312.1166008270800,12843,25.25
2017-06-01,4.3,12422,107.3,26.26,26.54,13170.3,105.815,107.876,100.3148,1.04,2.19,4.37,4.9,6535925,5937.3,562.5,1850.2058369251500,17908,25.24
2017-07-01,4.3,12423,107.4,26.35,26.66,13193.5,105.842,107.941,100.1418,1.15,2.32,4.39,4.9,6565398,5943.3,562.5,1608.9718616857400,14095,25.57
2017-08-01,4.4,12467,107.6,26.37,26.58,13234.1,106.093,108.074,99.6878,1.16,2.21,4.31,4.9,6514390,5945.9,563.1,1714.2620656525800,11960,25.63
2017-09-01,4.3,12477,107.4,26.49,26.70,13353.4,106.491,108.215,99.7829,1.15,2.20,4.30,4.9,6492228,5956.5,563.9,1976.7767247800000,11097,25.76
2017-10-01,4.2,12490,107.8,26.49,26.73,13383.4,106.648,108.499,101.0401,1.15,2.36,4.32,4.9,6469994,5958.5,563.7,1733.0912104767400,12068,25.76
2017-11-01,4.2,12505,108.2,26.54,26.74,13479.8,106.825,108.582,101.2260,1.16,2.35,4.27,4.9,6456163,5965.3,564.3,1814.8956248783000,16000,25.60
2017-12-01,4.1,12533,108.4,26.65,26.78,13609.0,106.980,108.742,101.3878,1.3,2.40,4.22,4.9,6413526,5975.6,565.7,1959.6199479932700,22626,26.01
2018-01-01,4.0,12556,108.2,26.73,26.91,13628.4,107.362,109.080,101.3450,1.41,2.58,4.26,4.8,6425424,5975.5,566.0,1681.3694138246400,24496,25.83
2018-02-01,4.1,12582,108.8,26.75,26.87,13668.3,107.625,109.311,101.7068,1.42,2.86,4.51,4.7,6475719,5986.8,566.7,1921.3169130913100,15273,25.76
2018-03-01,4.0,12608,109.0,26.85,26.92,13735.4,107.777,109.562,102.2785,1.51,2.84,4.64,4.6,6443637,5991.6,567.2,2024.2401042104600,14150,25.62
2018-04-01,4.0,12632,109.2,26.89,26.94,13792.1,107.988,109.750,103.4340,1.69,2.87,4.67,4.5,6444839,5997.4,567.9,1922.1359801321600,12527,25.71
2018-05-01,3.8,12661,109.4,26.97,26.95,13860.2,108.193,109.956,102.4735,1.7,2.98,4.83,4.4,6487493,6002.8,569.2,2269.3720918265100,12219,25.55
2018-06-01,4.0,12693,109.6,27.03,27.01,13900.2,108.317,110.073,103.2508,1.82,2.91,4.83,4.4,6556101,6011.6,570.1,1734.5404343514100,15796,25.34
2018-07-01,3.8,12714,109.6,27.10,27.00,13952.3,108.417,110.219,103.4588,1.91,2.89,4.79,4.3,6601318,6012.0,571.6,2321.1959822591900,13170,25.84
2018-08-01,3.8,12724,109.8,27.21,27.07,14001.1,108.502,110.246,104.1802,1.91,2.89,4.77,4.3,6519789,6016.7,572.2,1872.3597355357700,11339,25.59
2018-09-01,3.7,12743,109.9,27.31,27.10,14013.0,108.738,110.476,104.1665,1.95,3.00,4.88,4.3,6510813,6028.0,572.6,1747.5047734767400,10067,26.00
2018-10-01,3.8,12762,110.0,27.36,27.15,14096.5,108.924,110.626,104.0476,2.19,3.15,5.07,4.3,6532129,6034.3,574.1,2810.9686143613900,10133,25.80
2018-11-01,3.8,12774,109.8,27.43,27.25,14160.6,108.969,110.831,103.9603,2.2,3.12,5.22,4.4,6515637,6033.8,575.6,1694.9915854943500,14265,25.93
2018-12-01,3.9,12793,110.3,27.56,27.32,14051.7,108.991,111.009,103.8690,2.27,2.83,5.13,4.4,6488887,6037.2,576.3,1736.9961132191500,20760,25.90
2019-01-01,4.0,12822,110.5,27.60,27.32,14090.0,108.977,111.134,103.2684,2.4,2.71,5.12,4.4,6519108,6048.0,576.0,1786.9141549338100,20493,25.83
2019-02-01,3.8,12821,110.2,27.70,27.46,14113.9,109.146,111.207,102.8157,2.4,2.68,4.95,4.4,6544136,6044.5,576.5,2013.1108208379200,15893,26.12
2019-03-01,3.8,12819,110.7,27.80,27.50,14233.8,109.443,111.350,102.9000,2.41,2.57,4.84,4.4,6518681,6053.3,577.3,1941.2804579533400,13102,25.90
2019-04-01,3.6,12824,110.6,27.78,27.47,14272.6,109.780,111.650,102.3826,2.42,2.53,4.70,4.4,6481711,6060.4,576.9,1823.3124378375300,11724,26.00
2019-05-01,3.6,12821,110.6,27.85,27.56,14322.1,109.856,111.773,102.5756,2.39,2.40,4.63,4.3,6537254,6060.7,576.3,1661.1977392197900,11176,25.81
2019-06-01,3.6,12829,110.7,27.94,27.66,14376.6,109.935,112.000,102.5928,2.38,2.07,4.46,4.3,6591324,6056.3,575.6,2209.9922012471800,16397,26.03
2019-07-01,3.7,12832,110.9,28.03,27.75,14448.3,110.094,112.157,102.2012,2.4,2.06,4.28,4.4,6642833,6065.7,574.9,1916.2672765753900,12350,26.30
2019-08-01,3.7,12827,111.0,28.13,27.79,14487.0,110.132,112.270,102.9086,2.13,1.63,3.87,4.5,6607999,6077.6,573.8,2258.6024896545800,11108,26.17
2019-09-01,3.5,12820,111.0,28.15,27.85,14511.2,110.207,112.339,102.5790,2.04,1.70,3.91,4.5,6580879,6078.7,572.7,1691.8538814918800,9854,26.54
2019-10-01,3.6,12764,111.1,28.23,27.93,14554.2,110.423,112.496,101.7775,1.83,1.71,3.93,4.6,6603379,6077.9,572.5,1955.2466753975500,11032,26.52
2019-11-01,3.6,12812,111.0,28.35,28.03,14613.8,110.469,112.524,102.0979,1.55,1.81,3.94,4.6,6565286,6084.2,571.8,1381.8569030593700,14808,26.46
2019-12-01,3.6,12795,111.1,28.37,28.16,14689.2,110.736,112.772,101.7632,1.55,1.86,3.88,4.7,6536676,6087.2,571.6,2331.4710341344400,23057,27.14
2020-01-01,3.5,12784,111.4,28.43,28.21,14728.8,110.944,113.008,101.3030,1.55,1.76,3.77,4.8,6539775,6089.5,571.3,2876.0998960757300,20808,27.12
2020-02-01,3.5,12785,111.9,28.56,28.28,14785.7,111.070,113.206,101.7038,1.58,1.50,3.61,5.0,6554756,6095.7,570.6,2318.6782380392100,13715,27.13
2020-03-01,4.4,12717,109.7,28.79,28.41,13806.0,110.824,113.143,97.8746,0.65,0.87,4.29,5.2,6482088,6043.8,568.9,1828.7791917672300,191181,27.23
2020-04-01,14.7,11423,93.2,30.01,29.29,12082.4,110.237,112.668,84.9590,0.05,0.66,4.13,16.5,6230630,4961.1,492.3,668.2366019037410,154714,28.23
2020-05-01,13.2,11656,97.3,29.71,29.02,13129.4,110.353,112.819,86.3345,0.05,0.67,3.95,13.1,6373572,5161.0,514.1,1742.6232228561200,49570,27.64
2020-06-01,11.0,11990,101.0,29.36,28.65,13937.5,110.746,113.051,91.7523,0.08,0.73,3.64,11.5,6545539,5370.5,528.8,1834.6113463351800,44307,27.35
2020-07-01,10.2,12025,102.1,29.41,28.79,14230.1,111.072,113.425,95.2439,0.09,0.62,3.31,10.6,6591432,5491.6,528.2,2486.1957324576800,40670,27.78
2020-08-01,8.4,12050,103.4,29.48,28.92,14352.8,111.411,113.782,96.1173,0.1,0.65,3.27,9.5,6528307,5544.7,529.7,1940.0562595478700,26888,27.79
2020-09-01,7.9,12095,104.6,29.51,28.89,14583.3,111.613,113.979,96.0711,0.09,0.68,3.36,8.9,6513030,5603.9,533.7,2252.9392372735000,22523,28.09
2020-10-01,6.9,12122,105.6,29.53,28.86,14626.1,111.648,114.017,96.8250,0.09,0.79,3.44,8.3,6513896,5637.7,535.6,2015.4181438072300,20607,27.65
2020-11-01,6.7,12157,105.6,29.65,29.00,14561.0,111.666,114.048,97.1183,0.09,0.87,3.30,8.0,6470994,5643.8,536.5,2431.1247174461200,24167,27.66
2020-12-01,6.7,12190,105.2,29.92,29.01,14571.1,112.150,114.422,98.1380,0.09,0.93,3.16,7.7,6449222,5606.1,537.3,2425.2160838408200,41419,28.31
2021-01-01,6.4,12184,106.5,29.93,29.07,14932.2,112.583,114.782,99.2645,0.09,1.08,3.24,7.5,6397032,5641.3,538.2,4907.0656387360200,33999,28.34
2021-02-01,6.2,12222,105.9,30.04,29.18,14843.2,112.961,114.975,96.2231,0.08,1.26,3.42,7.3,6421847,5666.7,538.9,4226.9491203916000,27326,28.45
2021-03-01,6.0,12268,107.4,30.06,29.20,15619.1,113.632,115.457,98.8621,0.07,1.61,3.74,7.1,6394362,5706.4,541.3,4129.1086033749500,20524,28.26
2021-04-01,6.0,12240,107.6,30.20,29.35,15712.6,114.238,116.186,99.0246,0.07,1.64,3.60,6.9,6375823,5707.5,539.8,2547.2110798492400,23114,28.56
2021-05-01,5.8,12268,107.9,30.36,29.53,15767.9,114.819,116.787,99.7785,0.06,1.62,3.62,6.7,6417742,5723.9,540.0,2369.8251599409900,24910,28.76
2021-06-01,5.9,12288,108.0,30.52,29.62,15960.1,115.458,117.349,100.1923,0.08,1.52,3.45,6.6,6470672,5739.6,540.2,2252.8228314271200,26555,28.64
2021-07-01,5.4,12350,108.6,30.67,29.80,16027.9,115.986,117.811,100.8724,0.1,1.32,3.24,6.4,6505229,5775.7,542.4,2263.5995063172000,26873,28.78
2021-08-01,5.2,12391,108.7,30.76,29.86,16146.0,116.444,118.199,100.8370,0.09,1.28,3.24,6.1,6440085,5782.8,544.5,2565.5124713146500,9633,28.76
2021-09-01,4.7,12413,109.4,30.92,30.02,16268.0,116.808,118.446,99.8498,0.08,1.37,3.23,5.8,6381131,5778.5,544.9,1991.9934960878200,10599,29.11
2021-10-01,4.6,12466,110.0,31.11,30.14,16473.7,117.479,118.929,101.3602,0.08,1.58,3.35,5.6,6398735,5814.3,546.0,2020.5746164776200,11249,29.44
2021-11-01,4.2,12514,110.5,31.23,30.24,16557.9,118.200,119.543,101.9610,0.08,1.56,3.28,5.5,6368072,5832.6,546.5,2281.2190987395800,9209,29.28
2021-12-01,3.9,12555,111.0,31.38,30.35,16522.4,118.841,120.193,101.7587,0.08,1.47,3.30,5.5,6303482,5837.6,545.4,13405.6816921091000,10746,29.51
2022-01-01,4.0,12581,110.8,31.56,30.57,16725.6,119.469,120.761,102.1460,0.08,1.76,3.59,5.4,6374175,5856.4,548.2,2257.7226658970200,15946,29.50
2022-02-01,3.8,12631,111.8,31.60,30.50,16844.5,120.178,121.205,102.8987,0.08,1.93,3.97,5.1,6352104,5886.5,558.6,2086.1031686174200,10248,29.56
2022-03-01,3.6,12689,111.8,31.75,30.62,17054.2,121.321,121.651,103.5717,0.2,2.13,4.29,4.9,6403477,5906.4,557.6,2713.4608784375900,7339,29.86
2022-04-01,3.6,12750,112.1,31.86,30.78,17115.6,121.563,122.030,104.2709,0.33,2.75,4.66,4.8,6380661,5918.6,562.3,1940.8408185884700,9028,30.34
2022-05-01,3.6,12769,112.4,31.98,30.83,17231.1,122.300,122.488,104.1646,0.77,2.90,5.12,4.6,6474336,5929.7,562.5,1991.8739426920500,8982,30.54
2022-06-01,3.6,12794,112.4,32.11,30.83,17437.4,123.512,123.258,104.0772,1.21,3.14,5.27,4.5,6469490,5948.5,561.3,1868.5086753268200,9139,30.67
2022-07-01,3.5,12831,112.7,32.27,30.98,17398.1,123.366,123.316,104.7577,1.68,2.90,5.21,4.3,6503686,5977.7,562.1,1849.9296385011700,8034,30.84
2022-08-01,3.7,12867,112.9,32.36,31.04,17495.0,123.690,123.983,104.6544,2.33,2.90,5.15,4.2,6502009,5986.3,562.4,1877.9352412859500,6663,30.82
2022-09-01,3.5,12890,113.2,32.46,31.14,17607.9,124.102,124.542,104.8050,2.56,3.52,5.69,4.1,6471798,5998.3,565.2,1900.9904916858000,6368,30.88
2022-10-01,3.7,12922,113.4,32.58,31.23,,,,104.6894,3.08,3.98,6.26,,,,,,7519,