"","DATE","gs10","pcepi","pcepilfe","fedfunds","baa","paclaims","pghunemp","pghcivlabforce","pghpermits","pghempmanuf","pghaww","pghmanuf","pghawwp","pghhouse","pghqwage","patax","fpi","pghngdp"
"1",2001-06-01,-24.7431446432826,2.13496435396934,2.69064966130479,-70.435863594229,-14.9627873756801,167.458799663775,102.189370008368,0.326502138580054,113.477662899927,-7.26160354745709,-1.07159630430793,-4.8,-0.739810170899702,4.3667512049204,-4.28242009913902,19.9431879721047,-3.48573754844139,-4.28242009913902
"2",2001-07-01,-9.12551926226328,-0.405651581709776,3.09263482627102,-62.0293118870158,0,-10.1114822270247,-50.0072356806816,2.48352939234451,47.8195480407411,-7.21677053352003,NA,NA,NA,NA,NA,NA,NA,NA
"3",2001-08-01,-63.4819898692962,-0.150276132590577,0.582623272678617,-38.817400638623,-18.2051532093684,-275.321407466868,25.2640910373987,-3.09474692154623,-65.8557558101133,-7.30828998002764,NA,NA,NA,NA,NA,NA,NA,NA
"4",2001-09-01,-59.3935651256348,-4.0796652121621,-6.81981816716899,-207.659527194353,27.2051953972241,37.5938203302269,-104.413652387556,5.88987965034917,-80.6077868723388,-10.7635416444147,1.57010890368952,-5.9,-0.274703885204275,4.41366394845808,-0.976496770439894,-100.482213036791,-1.93291700370537,-0.976496770439894
"5",2001-10-01,-41.2943971172741,4.21491457832417,8.42057512590237,-251.273821346987,-18.0680954149294,231.008065788358,53.3421150850003,0.808122915205445,65.3056467609925,-10.7653212192414,NA,NA,NA,NA,NA,NA,NA,NA
"6",2001-11-01,20.824817631782,-0.811724946397163,2.42616563374369,-210.142373399876,-15.2673815135612,77.5725631487035,100.057930726861,1.28188243567067,-209.20267335108,-8.86378106420516,NA,NA,NA,NA,NA,NA,NA,NA
"7",2001-12-01,108.4927331558,-1.23367027740713,0.275720290235526,-165.993077865619,36.320553094653,446.122537892464,0,0.54064358293715,221.953225328928,-10.1561377454342,-1.58601486002254,-5.9,-0.80142822299436,4.86138735380486,-2.4833142993316,-28.5109990059347,-9.03399581858899,-2.4833142993316
"8",2002-01-01,-11.846098174985,1.08329056844561,0.696274467712854,-60.8581110948197,-27.1368348013926,18.6163631677204,296.232093517831,-3.5143750742435,368.625410876652,-10.4751325669838,NA,NA,NA,NA,NA,NA,NA,NA
"9",2002-02-01,-31.3585683322176,1.99851034491196,2.27458008303785,6.91644566010003,3.04568691416538,-491.11898790124,-38.0984379774963,6.40476192559447,-374.311687324536,-6.80173710752214,NA,NA,NA,NA,NA,NA,NA,NA
"10",2002-03-01,87.1825870940892,3.2685720214559,1.43207601694293,-6.91644566010003,33.0020799234461,-104.666538755207,-39.3477873875892,-1.42771188685629,-54.2547389435594,-6.32676003144006,4.56922773361157,-3,4.12196034551044,5.75062758690343,4.55629351890252,97.5398419539239,-3.86214174901518,15.9428419476427
"11",2002-04-01,-16.0154903434736,5.00551705398671,3.34929598338469,13.7932553108821,-11.8960082023813,-63.1446503084781,-126.432618789391,2.02485473657532,222.928513858016,-4.80153212586778,NA,NA,NA,NA,NA,NA,NA,NA
"12",2002-05-01,-11.571931526165,0.775107163151034,1.33998537058311,0,8.93304373407613,-61.8315918910348,0,1.76480976907243,25.1575229349569,-0.938082596037759,NA,NA,NA,NA,NA,NA,NA,NA
"13",2002-06-01,-54.7171097266472,1.50406750764134,1.89934929396713,0,-20.9481628849916,72.4664805779568,64.8806655243309,-1.07680527405236,-4.32319263168814,-3.83181496105856,2.35677548136586,0.3,2.70729753042751,2.22265081878703,1.28366204287715,10.1617580128632,-0.0529222412502861,1.28366204287857
"14",2002-07-01,-70.1661221464005,2.64615263133479,2.42736250815661,-13.7932553108821,-7.57100303191756,-3.85633602200883,0,-0.0414348902538109,53.9607346438089,-8.0003969390706,NA,NA,NA,NA,NA,NA,NA,NA
"15",2002-08-01,-105.117671181583,2.35877414786607,2.36518242477679,6.91644566010003,-49.6194717824348,-205.634680147626,-64.8806655243309,1.70593378902382,-38.3109704306268,0.182166386120741,NA,NA,NA,NA,NA,NA,NA,NA
"16",2002-09-01,-115.217583887506,2.16184259254177,1.96028207736205,6.87680965078203,-28.8398393329873,-8.04986248214234,-92.3532493633543,4.48512194377528,157.755541431035,-2.19468364921802,2.28065408944644,3,1.27715107964157,6.5649294114472,1.51210587721664,-60.8036029735928,-0.910815061132908,1.51210587721664
"17",2002-10-01,21.5114595217826,2.17272209968975,1.01465419082096,0,52.3546348670475,222.343936414274,23.7631527554157,-1.96379132479549,55.8849446082977,-0.127369053783966,NA,NA,NA,NA,NA,NA,NA,NA
"18",2002-11-01,33.0433893703264,1.19553529153293,1.1707875188069,-320.335408767123,-17.1989914809309,149.538771827032,90.6090630097743,-2.25654868375642,-483.213017529045,-4.93848909010772,NA,NA,NA,NA,NA,NA,NA,NA
"19",2002-12-01,-5.94060619182741,1.15013156674877,1.11261686880866,-93.0698812150495,-27.0748047685037,531.013388704275,42.8616991224952,0.206820242698313,163.394041769101,-6.65436783859654,0.339253663462813,3.8,0.907128824273329,4.63256848336222,0.0126607083487329,-22.8017057875611,0.369686180792783,0.0126607083487329
"20",2003-01-01,5.94060619182741,3.57605194591741,0.826662265155065,0,-16.2164630000678,-36.5652274487083,193.969621867699,7.18345254998525,-48.1544601833125,2.98166868135503,NA,NA,NA,NA,NA,NA,NA,NA
"21",2003-02-01,-45.2883935794166,5.05887486814096,1.65161806307808,19.2004096157294,-48.3063140635135,-370.352796185281,0,1.33955642820496,39.8160003095537,-23.0458244871567,NA,NA,NA,NA,NA,NA,NA,NA
"22",2003-03-01,-28.0168367963892,3.06890587900419,1.91928387664717,-9.56180357901225,-18.8440703141397,-143.417837711865,-73.8694715993203,-0.640828162372742,-120.877883212435,-5.77701058721978,1.70341502148474,3,1.78511711803147,3.70291381443089,-0.24904919597617,100.049864058127,5.12267685687462,13.0582380688253
"23",2003-04-01,46.3378033533355,-2.03044497891796,1.33457970949955,9.56180357901225,-17.3916087630805,14.1834921664106,-141.33964278766,3.70877161912304,34.742974235143,-0.511821448820982,NA,NA,NA,NA,NA,NA,NA,NA
"24",2003-05-01,-124.41411536981,-1.3750565302086,1.72990376057491,0,-85.2966659009224,-216.807499858115,42.1095837735241,0.212988183810836,47.3793095639159,-11.2759059974991,NA,NA,NA,NA,NA,NA,NA,NA
"25",2003-06-01,-83.5119501590341,1.28733402569274,0.679934857769382,-38.7130346618658,-36.2796127922323,234.870863009667,99.2300590141359,4.54564579035832,-156.517900408296,-10.0997657466586,4.41099247959649,0.6,4.35099542316664,3.90076593978783,2.75937638576096,-10.0638170291461,9.14588299737673,2.75937638576238
"26",2003-07-01,213.971418364792,3.51848611754662,2.98431972396287,-226.680633470396,80.5923399028945,-86.8475931089328,-38.7130346618657,-4.66851897509883,94.8638447515929,-10.249718086116,NA,NA,NA,NA,NA,NA,NA,NA
"27",2003-08-01,133.946732258163,4.04589608773307,1.35534209732455,23.5301656660516,68.6907973170982,-283.052473810488,-81.387115606513,-0.32772334891078,205.738818049137,-11.0778201413694,NA,NA,NA,NA,NA,NA,NA,NA
"28",2003-09-01,-49.5483227251389,3.75714290421669,1.67793739774922,-23.5301656660516,-38.2641113710728,12.2715458352083,-64.8806655243309,0.696305165027411,-131.542575415886,-8.06441339510648,3.22082934030519,0.3,4.70901328818556,3.97783778309879,2.59858732593585,-52.8432519801953,12.9262486905912,2.59858732593443
"29",2003-10-01,5.60748683927113,0.144827836086492,2.19610112676456,0,-10.6509574967618,44.548448724062,-45.2883935794166,1.52227160767353,164.743780200975,-7.79696847198039,NA,NA,NA,NA,NA,NA,NA,NA
"30",2003-11-01,2.79394771150931,1.51963790215959,1.64444235927732,-11.9403970238017,-12.5467909252065,179.203628751586,45.2883935794166,2.32060974688792,-170.712908326404,-7.56476579832714,NA,NA,NA,NA,NA,NA,NA,NA
"31",2003-12-01,-8.40143455078044,2.64392071654633,1.50192146216988,-24.2432487810234,-10.8598026239016,567.090965737396,-45.2883935794166,-2.21428658574965,-9.42338092513069,-5.92840104714156,5.39545423772978,1.4,5.71113618457808,7.33235451280905,5.73538906371027,-15.0905742097471,9.87768466517913,5.73538906371169
"32",2004-01-01,-34.2065915975112,4.62367260500081,3.06817751950454,24.2432487810234,-29.4493306993409,-58.5258840832076,249.167237733894,0.923797014669248,60.7350331343387,-5.901833493715,NA,NA,NA,NA,NA,NA,NA,NA
"33",2004-02-01,-20.413614991844,2.556247974778,1.94332026276278,11.9403970238017,-32.1026225657196,-478.762045245445,-18.8980283617672,-1.08737501095675,144.410970693314,-5.5274561513464,NA,NA,NA,NA,NA,NA,NA,NA
"34",2004-03-01,-75.8786222682187,1.84916447923236,2.00991044266203,-11.9403970238017,-31.0194977535904,-168.708475752162,0,1.92063462794465,100.661976808436,-1.85735554992981,-1.66734572704321,1.3,-3.48798371319425,4.53627542870727,-0.514576532000888,109.900749937824,2.48604592830937,5.65993136518586
"35",2004-04-01,152.773250289645,2.23239904108254,3.11985133602839,0,66.8430535332077,56.5741004314162,-230.269209372126,-0.767885006835911,-42.502434704555,2.74082021421158,NA,NA,NA,NA,NA,NA,NA,NA
"36",2004-05-01,97.9595453962455,3.88248227340107,1.64023702401543,0,52.6958245079137,-182.45730010745,45.2883935794166,1.75560992816628,-59.1694898288978,-6.08353193790414,NA,NA,NA,NA,NA,NA,NA,NA
"37",2004-06-01,2.53968348765339,3.42952923273998,1.90153469548981,35.4705626898533,5.32151648143877,230.605931266845,85.7507567785738,3.21874397208504,118.531057811354,1.34916918991372,4.89588893808843,2.5,5.3008573949505,2.55343637019827,5.23500500129188,12.2913914891875,15.0071421831445,5.23500500129188
"38",2004-07-01,-59.817366873081,1.10787593978117,1.42763930833922,241.863502466211,-28.6580784040647,-124.671242922726,0,1.88648599593932,-292.254265484907,-1.63923577038183,NA,NA,NA,NA,NA,NA,NA,NA
"39",2004-08-01,-60.1492646190825,0.624504727448993,0.457039979210805,151.875267970115,-29.3592625852877,-175.110571558939,-42.1095837735241,-1.04045309577359,-306.919448390455,-2.815695914936,NA,NA,NA,NA,NA,NA,NA,NA
"40",2004-09-01,-42.8107231449169,2.35316429421353,2.24112951632343,142.271681669467,-35.8235557796173,-9.71310418247526,-135.994422368404,-1.21228979152193,91.5606711701795,-0.8451855738425,7.1310869048272,2.8,7.30061996742286,5.38617646386683,6.82438227577222,-66.7965112354217,11.7932590457535,6.82438227577222
"41",2004-10-01,-8.74851991521517,5.14385422036163,2.60937198338347,106.895556064426,-11.5385504393303,103.086918620679,0,3.07308912971109,-88.2955033217609,-1.82365674631342,NA,NA,NA,NA,NA,NA,NA,NA
"42",2004-11-01,26.0565122685414,4.61631053800211,2.57618733817573,110.64743264008,-1.93392467320974,206.351341482105,47.0648557839376,2.99234836005482,205.347008991365,-0.0340287867025779,NA,NA,NA,NA,NA,NA,NA,NA
"43",2004-12-01,11.4015109489682,0.645991823676084,1.54031308753986,135.105862535136,-9.7166522791432,353.237340311021,0,-0.83451210401293,118.727538455242,-3.78480672279551,12.3899581479868,3.3,13.3896742987677,5.82606919092541,12.9625241861916,-25.6935023653106,11.1793132199303,12.9625241861916
"44",2005-01-01,-2.84023801231941,1.57139706071128,4.30786578704243,64.8806655243308,-25.6377869972364,216.476062505438,171.721012368808,-0.243170950008675,-268.193747489229,-3.88425132938437,NA,NA,NA,NA,NA,NA,NA,NA
"45",2005-02-01,-14.3029106846524,3.33240202953498,1.98409349912652,110.538346689367,-40.5443970928599,-611.746093476443,39.3477873875892,2.71261582548945,-36.8739492197996,-2.53779945159529,NA,NA,NA,NA,NA,NA,NA,NA
"46",2005-03-01,91.3936331586768,3.58807268948063,2.96318362644534,60.8317371786217,48.491446005452,49.0943592273844,-39.3477873875892,0.218361949011125,-59.7701731059207,-0.146396381223468,-20.112942016905,4.5,-20.2559803761776,2.46732260680389,-21.0535470066333,112.907830242762,11.1624117915166,-13.5970120649489
"47",2005-04-01,-43.4436583967528,3.35497112405143,1.39030888584308,70.8692995723213,-1.98183364616762,-156.894871537723,-243.029116933769,4.31862754514256,403.756978745174,-5.05377309053259,NA,NA,NA,NA,NA,NA,NA,NA
"48",2005-05-01,-56.6142723301088,0.680985130412637,2.44956367167326,87.0848314018026,-7.96022819476061,-118.519963152553,48.0064015364388,2.6962957414554,-172.993774104319,-3.3962690243051,NA,NA,NA,NA,NA,NA,NA,NA
"49",2005-06-01,-41.2817120607987,0.736140954720454,0.828996799655712,15.8942721000246,-30.3301739498339,273.723820271687,68.5900966079386,-0.184925242997025,9.63823484284809,-2.60035292047789,15.4356037241115,4.5,15.9492155558294,5.76007829985024,15.8687953002811,8.47059909422896,10.6064527633382,15.8687953002811
"50",2005-07-01,52.8202625001293,5.0850762820307,1.76480601976863,83.8436159525831,18.2899391623405,-133.510579415185,0,1.55891139210667,170.519307790291,-1.20401598780298,NA,NA,NA,NA,NA,NA,NA,NA
"51",2005-08-01,22.7494964935369,4.82953563977127,0.976315367541147,85.2429277401023,2.01511382366411,-206.567106343963,-45.2883935794166,2.78332137974999,-174.852151309265,1.62425897742828,NA,NA,NA,NA,NA,NA,NA,NA
"52",2005-09-01,-17.0215619903476,11.5258336635328,2.65373006716985,40.4532688107739,14.0118355942029,-47.6641067327186,-121.315340245642,1.40124726914834,143.769400241679,-1.22790743951704,12.9134534624601,3.4,12.9837065519162,5.13230397808755,13.9630334372342,-71.0510462641487,11.4510974281249,13.9630334372342
"53",2005-10-01,72.0770888911799,1.90798554693217,3.43031014076089,51.8999805525798,52.5631471900713,164.593392810121,-25.8074462651566,0.376056411540304,-100.034153439423,-3.1203375527614,NA,NA,NA,NA,NA,NA,NA,NA
"54",2005-11-01,21.3338952255406,-2.49461917976994,3.07084660714132,67.8844217860733,17.0215619903479,175.979750746963,75.8146819458382,0.511887392537602,192.707397985988,-2.87424862328933,NA,NA,NA,NA,NA,NA,NA,NA
"55",2005-12-01,-18.646324113335,0,1.23689174704644,47.0648557839376,-13.2180722768128,537.968591167743,-50.0072356806816,-0.279911362672891,-202.658306321573,-0.747098063584417,-7.14874676609014,3.2,-6.32491534640565,-0.598860974350401,-7.37906414072,-30.2246976954002,6.3264315011569,-7.37906414071858
"56",2006-01-01,-13.4984550430448,5.79915139807596,2.69791226866083,36.9259904001044,-15.2868309329158,-91.7403656811722,188.622700226895,1.47080393041534,130.3298055331,-0.163284542009023,NA,NA,NA,NA,NA,NA,NA,NA
"57",2006-02-01,40.0482105798079,0.719534360654706,1.92911010007997,54.6791625770848,5.75540671619166,-361.576483870974,0,3.4062943547994,-18.1584413600987,1.40515647591251,NA,NA,NA,NA,NA,NA,NA,NA
"58",2006-03-01,38.7547136296207,2.31857929253714,3.3017548859867,26.4327867819489,26.4994995452993,-93.6617213743446,-90.6090630097743,1.36936330184838,-50.361310782036,0.232916447596665,8.03830291995844,2.1,7.54345649415669,2.59724307088689,8.58860099470178,115.072828980713,11.1984789122591,0.0387028120613309
"59",2006-04-01,66.7525321991563,5.55447054763327,3.66538663214833,51.1804648204441,49.5104599391706,-45.5407760079346,-98.0136372171205,0.540945470454801,-414.109305133066,0.582227090603737,NA,NA,NA,NA,NA,NA,NA,NA
"60",2006-05-01,28.5161933426227,3.23163606030015,3.0039226160202,37.001903732409,12.5094208030612,-29.2720177058378,25.2640910373987,1.49428732672021,12.2448609659308,1.65438334094503,NA,NA,NA,NA,NA,NA,NA,NA
"61",2006-06-01,0,2.95470719738802,3.02290539818557,12.0846942763154,5.32151648143877,172.295479015113,96.0512492082437,2.26173340812892,204.735152720539,-0.738043902927998,6.56463831095202,1.5,7.69589636146044,1.16327997456551,6.66549787943325,19.1089794936822,0.3362414055605,6.66549787943325
"62",2006-07-01,-4.70588838381802,4.09766947291104,1.17793044448824,58.6627062834281,-3.5450542769178,-46.1082454893045,0,0.182340097664024,-141.999521025121,2.71189422448757,NA,NA,NA,NA,NA,NA,NA,NA
"63",2006-08-01,-50.5591328368507,3.76393430294968,2.43161177427851,2.28789392469793,-30.5634498485483,-311.398752001147,-23.3017030285219,2.68432573257584,119.348497841457,0.580705373730694,NA,NA,NA,NA,NA,NA,NA,NA
"64",2006-09-01,-40.0037043211102,-3.13579148635554,1.89956947589955,0,-29.4945723178654,-22.8267752509211,-204.750620436916,-0.427189846886478,-138.486017649909,-1.13614960872113,0.0671974807783471,2,-0.227531403923464,1.05694000206746,0.915142261304425,-90.1345358799531,-0.466985400862541,0.915142261304425
"65",2006-10-01,2.53968348765339,-2.84932495876404,2.1597424674983,0,-1.86770465718977,155.242252434972,-86.7847938955514,2.9950328847022,-166.391048379908,0.429468009744838,NA,NA,NA,NA,NA,NA,NA,NA
"66",2006-11-01,-33.442678810551,0.415111397943591,0.578782375896125,0,-41.8425907809886,213.812006706459,86.7847938955514,2.87734948843692,220.717510288441,2.00438922938986,NA,NA,NA,NA,NA,NA,NA,NA
"67",2006-12-01,-10.4804159625054,4.26330921371019,1.60334711561596,-2.28789392469793,3.86473764005038,459.012926446896,-28.2365968922328,2.56408673348147,797.359192495307,1.24148734416103,7.00800899978873,1,8.38221065928089,5.37023793136342,8.00263209480789,-22.7028588911189,0.192148517470514,8.00263209480647
"68",2007-01-01,51.5100536604407,3.99560852619629,4.86263096364041,2.28789392469793,22.9306340376559,-2.62976750415973,256.288920357671,3.23268447993925,-748.346908508193,3.4790575823525,NA,NA,NA,NA,NA,NA,NA,NA
"69",2007-02-01,-10.1266423750377,3.71726945408355,2.58710901601304,2.28354017530332,-11.4105455628327,-179.633422393525,-23.3017030285219,-1.26222135135166,-29.415984722807,-1.17011858811047,NA,NA,NA,NA,NA,NA,NA,NA
"70",2007-03-01,-41.3834112854031,4.3927498195675,1.21323479794384,0,-1.9123510023336,-319.134417180959,-123.821083482277,0.533274089433178,355.516440035873,-0.0800459486853811,13.274187605802,1.6,14.2337493501874,1.6224117558945,14.3028659374309,127.392909438753,1.66723370907853,11.9649237168687
"71",2007-04-01,33.7319507182721,2.80979599065034,1.70688701109576,-2.28354017530332,22.7494964935369,67.804631899412,-138.083195741745,-4.8395082058839,-449.793591681694,0.347774442523985,NA,NA,NA,NA,NA,NA,NA,NA
"72",2007-05-01,15.2544427060342,3.48659606180064,1.41838604634046,0,0,-257.115057451228,28.9170618948728,1.84854430943844,111.797161894053,-0.355112239202526,NA,NA,NA,NA,NA,NA,NA,NA
"73",2007-06-01,85.3151060204762,2.53293399159986,1.97513796919289,0,56.8479096089725,215.132422592105,109.166133846872,2.91255609745491,-342.755615179468,-0.587405929938711,-2.18966565500658,3.3,-3.95035815237819,2.06914415466954,-1.494787044102,9.38777151558341,2.12366168846607,-1.494787044102
"74",2007-07-01,-23.7631527554157,1.83402144824321,1.80337030593734,2.28354017530332,-8.98880607498915,16.4526524158809,51.0715373025553,0.101929139707835,137.61476190584,-4.95858664127447,NA,NA,NA,NA,NA,NA,NA,NA
"75",2007-08-01,-81.9346089039533,0.81131481886203,1.78771947736927,-56.041311655177,0,-278.673953720474,-25.2640910373987,-2.39369869726787,123.698991573001,-3.92254366681009,NA,NA,NA,NA,NA,NA,NA,NA
"76",2007-09-01,-39.1764934039993,4.62186816747447,3.27058455668343,-19.2775230045678,-10.8762073840165,-82.439538896714,-134.973580112028,5.2129176610741,16.2252610926412,-4.48275171716617,3.3811410869955,3.3,4.13265104655736,0.2767556798144,3.94939641299601,-85.130241291693,-2.40769056506061,3.94939641299317
"77",2007-10-01,2.65193478096348,3.6301564644436,3.12006622185272,-44.5411955478032,-20.199405780279,228.312469953706,-28.9170618948728,-1.80823721335841,-7.88117754491751,-2.55656175990069,NA,NA,NA,NA,NA,NA,NA,NA
"78",2007-11-01,-105.136326302803,6.33616087982993,2.35401388633711,-70.0739597869988,-14.9070239982684,188.907601176273,28.9170618948728,5.09677723252082,-236.830032778914,-0.828085426791603,NA,NA,NA,NA,NA,NA,NA,NA
"79",2007-12-01,-14.5456326388139,2.78817732250083,2.41353199373542,-68.7473190123559,45.9826371625639,474.367783246343,109.166133846872,0.647272341227279,-75.9393038330266,-0.515954530306573,0.579755121939129,3.4,0.303573391608225,2.6821344422796,0.954098524543667,-30.135935775106,-3.92185818385329,0.954098524543667
"80",2008-01-01,-110.281634740586,3.02609359896842,2.38308854746059,-88.0590551208286,-20.0156270383867,-45.3659175719288,192.411180090216,1.12993991743835,103.735526101041,-2.80962981314126,NA,NA,NA,NA,NA,NA,NA,NA
"81",2008-02-01,0,2.37688716301037,1.16419781302532,-335.108907351035,50.3067676635162,-286.117239617138,0,-3.19775566526772,27.917657946902,2.23983567281323,NA,NA,NA,NA,NA,NA,NA,NA
"82",2008-03-01,-76.1634887383996,3.43494563037758,2.35053728706305,-159.087695019253,12.2539358042356,-119.48700440808,-68.5900966079386,1.98984962408133,-110.581557056686,-0.530241104325313,8.26818354162029,1.4,8.78514553728138,6.41877408441154,8.71071797846525,118.022356008971,-5.37457372732923,10.7152206664281
"83",2008-04-01,56.7560576436785,2.22489860959385,0.701713370091994,-162.209734041903,13.8529676962385,-115.866387401527,-204.750620436916,-1.08425401539876,7.71428907168463,-4.74394766430706,NA,NA,NA,NA,NA,NA,NA,NA
"84",2008-05-01,63.5068817452108,5.13728336918859,2.19180470623321,-169.294317911887,-6.90649388474478,-35.3355986352305,106.736983219796,4.16007064433686,27.3172494725067,2.51911107961895,NA,NA,NA,NA,NA,NA,NA,NA
"85",2008-06-01,66.182184090096,8.66933079107817,2.74684053259193,12.0604030242017,24.0008000480033,247.962018669252,121.315340245642,0.0777665448602249,-78.2160188783152,-1.97591335737641,2.05787603138852,-2.1,2.31377120241945,-3.23368727090454,2.75335308108424,4.23051205728484,-2.72623989481282,2.75335308108424
"86",2008-07-01,-26.6348788701412,5.56898166715847,2.1574522499904,5.98504981324677,15.1794012768876,-122.049321704994,45.2883935794166,1.2125060134764,-6.27553493506952,-1.18167581856206,NA,NA,NA,NA,NA,NA,NA,NA
"87",2008-08-01,-36.4585004257473,-0.968304837997991,1.46992066870197,-5.98504981324677,-1.67714911996564,-154.040831347249,0,1.33544706610635,-72.2194267721896,-3.51723965664199,NA,NA,NA,NA,NA,NA,NA,NA
"88",2008-09-01,-63.3392394935031,0.993445205049071,1.22777697659124,-119.784402338653,26.557100466925,7.03464680372363,-192.411180090216,-0.55108001654034,-163.725458416487,-3.12968782106822,-1.96244878175555,-5.8,-2.33303639987952,-2.26178873364198,-2.34046679321835,-101.215210530364,-7.6867957448961,-2.34046679321693
"89",2008-10-01,38.4032773034087,-7.94537847497132,-1.70910443348653,-748.543263314932,233.46993989087,199.582102977762,51.0715373025553,2.37327430109886,67.5358582392903,-6.5647545926101,NA,NA,NA,NA,NA,NA,NA,NA
"90",2008-11-01,-91.5975818320851,-14.2435284382707,-0.532218218189939,-1093.37919884848,43.7859519157641,341.248166167555,96.0512492082437,-1.83771420178616,-292.969117694789,-13.1239384663974,NA,NA,NA,NA,NA,NA,NA,NA
"91",2008-12-01,-453.036396931932,-6.72846156830076,-0.58317663370282,-1069.16750866784,-106.191693904142,431.783936952774,131.03915035799,0.124153717932529,-343.872390385082,-8.53357839381239,2.94062318656181,-11.5,3.05872500191171,-0.948281684382835,1.7463268079652,-35.8272209574025,-23.5827818421267,1.74632680796378
"92",2009-01-01,48.5896336256842,0.141634700666415,-0.367800545067709,-77.4462253650853,-42.007910399178,63.3412098062678,259.467730163563,-3.45782377084021,-133.900763233833,-20.884735141879,NA,NA,NA,NA,NA,NA,NA,NA
"93",2009-02-01,156.063753897838,2.13536921472013,0.950977178770529,459.590702707327,-8.87796897773399,-250.349991429878,64.8806655243306,2.54965310267465,291.179404646182,-19.6983132954049,NA,NA,NA,NA,NA,NA,NA,NA
"94",2009-03-01,-21.0901737858091,-1.31164418639749,0.861568387043476,-240.804834554581,49.4615468654773,-23.2968581064043,-15.8942721000246,-3.14898567659938,249.557840341616,-20.9771765145049,-4.27781247561647,-16.4,-5.31834223307506,8.50359549246491,-10.9345706927016,110.258545606668,-36.0483323287106,-2.19489831477802
"95",2009-04-01,45.9186456947446,1.72284513275613,2.68210251770498,-218.785868152746,-4.28316933014425,-15.9140072052253,-117.576490032244,2.92377721250006,144.896455301375,-13.7824055844998,NA,NA,NA,NA,NA,NA,NA,NA
"96",2009-05-01,139.062170097965,1.24559265112261,0.922168404269641,218.785868152746,-48.1523567526935,-115.972090396596,68.5900966079383,1.84701384214847,-152.256468691597,-17.1902819479268,NA,NA,NA,NA,NA,NA,NA,NA
"97",2009-06-01,147.40332420933,7.10208896809625,1.52696662224052,184.98081579271,-86.4126431715269,188.926233596549,48.986393424306,-0.240416464161797,141.163333153267,-10.5309143772683,-0.951425828439767,-16.6,-1.25027405566769,-1.00407191424772,-4.10314301681893,-30.675689728097,-20.114969667442,-4.10314301682035
"98",2009-07-01,-52.7557481053394,0.127580854486808,1.03370037487167,-326.32045858037,-67.4612159978743,-142.827050719377,47.0648557839379,-1.66096437464063,-104.019374447838,-10.6794099665716,NA,NA,NA,NA,NA,NA,NA,NA
"99",2009-08-01,10.0699891634981,3.47772789975807,1.77538108110511,0,-89.5807142481722,-207.125486694078,-31.1705836839133,-1.51550007351773,39.6362283285018,-7.99644474544436,NA,NA,NA,NA,NA,NA,NA,NA
"100",2009-09-01,-65.2521250536862,1.94465817747194,2.09936412657719,-77.4462253650853,-50.2788825409249,-70.8717450994776,-98.6857178843663,-3.73863621614987,88.7447783046841,-1.00264221443993,0.172869983576973,-11.4,0.0244005120379143,-5.05851718598329,-2.46896373505621,-69.4619074778075,-2.77297031947619,-2.46896373505621
"101",2009-10-01,-3.53461227570797,4.53796966207065,4.41301415681679,-267.772261577052,-3.8095270089272,72.5187451069559,-17.2664849425193,-0.335488655060345,-74.2411600050151,3.17393729760873,NA,NA,NA,NA,NA,NA,NA,NA
"102",2009-11-01,3.53461227570797,2.99477333988989,1.0632144166923,0,5.70976493570035,97.1222851412975,-17.5185593053833,0.733272250130312,190.377994820435,-1.74682758465572,NA,NA,NA,NA,NA,NA,NA,NA
"103",2009-12-01,65.2521250536862,0.706535473350556,1.02479723784192,0,9.45631371036715,280.990160040789,51.8066062382505,-5.99631853354339,382.702801755187,5.95306743865436,15.9049627127267,-4.3,16.0382768920112,0.49633955990025,16.515815091276,-20.3145743794373,1.04935907087196,16.5158150912788
"104",2010-01-01,45.907237386644,2.62063856201671,1.76010766962023,-104.413652387556,-22.8216070029142,67.9063915593275,257.588324924269,2.9198142228644,-144.760183150964,-4.88380644070823,NA,NA,NA,NA,NA,NA,NA,NA
"105",2010-02-01,-12.9381307239461,-0.037757023071805,1.04734896458716,200.464901595799,17.1567656409892,-330.854966758114,79.1495613501569,1.6407427566989,-310.236483618062,-0.946339131609264,NA,NA,NA,NA,NA,NA,NA,NA
"106",2010-03-01,12.9381307239461,1.69789102084756,1.79333138392046,249.167237733893,-13.3228965651663,-282.504927345775,-106.736983219796,2.02829255694823,17.298666381097,3.23705956630178,-17.3807858083094,4.1,-17.9883355248503,-0.968433288024073,-20.2257334633643,119.654564142596,-2.22914263382989,-10.5864931538704
"107",2010-04-01,37.9978975727624,0.65336210857474,0.609620192782856,267.772261577052,-3.83386907582297,-2.21726138992437,-180.338643659205,5.19548670135634,24.9866631367368,2.46930008351569,NA,NA,NA,NA,NA,NA,NA,NA
"108",2010-05-01,-142.119116670215,0.376777923909088,1.33013589498319,0,-39.0278300466722,-113.078315454989,63.1724801825063,-4.1281101113178,122.720173641124,-0.2813690420016,NA,NA,NA,NA,NA,NA,NA,NA
"109",2010-06-01,-79.7876895225996,-0.502396858984966,0.583799573664834,-126.432618789392,35.181672907934,159.424525260275,-31.1705836839133,-3.7048260374867,-33.8120833940291,6.07754075042095,16.202723125215,9.5,16.8773087400542,1.01803338728779,20.6529924938721,23.7937530629324,14.0087567642009,20.6529924938749
"110",2010-07-01,-73.4528772538759,1.02968728522121,0.0124181822894087,0,-43.1419011026946,-112.056835288657,31.1705836839133,0.585733496384933,-139.424969541363,1.86428109871599,NA,NA,NA,NA,NA,NA,NA,NA
"111",2010-08-01,-130.425966900601,1.64315716672654,1.15432960043798,64.8806655243309,-72.0010275984296,-135.305027010673,-15.4840858030896,3.08015387922609,-27.8106403551984,1.40241597811901,NA,NA,NA,NA,NA,NA,NA,NA
"112",2010-09-01,-22.4305596145832,1.1901966366036,0.68214588389317,0,0,-78.0914719276957,-131.638700707709,-0.864763834204751,67.6328578482625,-1.29851305947994,3.1365186646017,8,4.2721846247467,7.56593423567615,4.78690558461636,-101.912649616392,2.17410470102806,4.78690558461352
"113",2010-10-01,-50.8746707612227,3.81319832235434,1.82128898359899,0,12.6538958119379,214.031225837514,-17.5185593053833,-2.65271068007138,-114.857731863145,1.2119550282808,NA,NA,NA,NA,NA,NA,NA,NA
"114",2010-11-01,99.6799184383359,2.39423965698968,1.55890774674212,0,41.2411722050496,50.9372961463136,51.8066062382505,3.82116257375245,387.040915707688,1.65496917210994,NA,NA,NA,NA,NA,NA,NA,NA
"115",2010-12-01,210.788262057866,2.71268106725344,0.247259540971001,-64.8806655243309,35.9427867400213,344.902655909916,0,-3.70400748961615,690.378927745786,2.77072435262937,11.4238181356352,6.5,10.6108504496881,0.121650802312345,13.5537702090389,-14.8305130862248,8.85585364932986,13.5537702090389
"116",2011-01-01,35.9308279380942,3.5991339422317,2.58081876826317,-68.5900966079383,-1.96882734895185,126.874758963354,143.216109159079,-3.0262663760027,-473.387390730694,0.328286464491612,NA,NA,NA,NA,NA,NA,NA,NA
"117",2011-02-01,65.4394548242999,3.34124171726344,2.0951447274463,-72.749546179722,11.7648001159453,-439.194557151517,-15.0945386482316,-0.383715583885191,-528.061393913212,4.47073408169913,NA,NA,NA,NA,NA,NA,NA,NA
"118",2011-03-01,-58.3806109406203,4.82218109254298,1.80873950564191,-160.237671149427,-23.646085295199,-131.776619644191,-62.3516867168536,1.26814324076037,-203.403754069917,2.45547182436567,-9.72853557479993,5.4,-8.78981240018817,-3.86216640155688,-10.0788749350073,136.766758467778,0.505774144991378,-14.2624622524195
"119",2011-04-01,17.467557329049,5.0602928561549,2.75094274725269,-403.766683945455,-1.9917017020374,16.5526826566818,-135.354592974413,1.30588213683041,122.259769693926,2.23564110591887,NA,NA,NA,NA,NA,NA,NA,NA
"120",2011-05-01,-105.044401416532,3.64686126668907,2.85479583899608,-126.432618789392,-48.8202919637322,-49.5754366065228,52.5631471900713,-0.500289888752548,-234.952629489507,0.585039989327285,NA,NA,NA,NA,NA,NA,NA,NA
"121",2011-06-01,-66.1431590652953,-0.244409141746615,1.30872855328228,0,-6.24459345003245,162.383831275512,98.6857178843663,-1.04033250221605,45.2923275767688,-0.715222529618487,11.4810088507159,2.4,9.70022887995654,1.86240610909714,13.7692734396879,-17.9931345524174,11.3236243472894,13.7692734396865
"122",2011-07-01,0,2.03929040271298,1.77123606389351,-301.577313937087,2.08514387824899,-130.886501259898,15.6864978808237,-0.45396140565046,147.294066791224,3.08864338601431,NA,NA,NA,NA,NA,NA,NA,NA
"123",2011-08-01,-318.843798879607,2.8151147537347,2.39007466697387,428.009932726479,-86.368199550107,-141.479570385888,-15.6864978808237,3.68932835350151,126.761492189398,-0.0989164676269638,NA,NA,NA,NA,NA,NA,NA,NA
"124",2011-09-01,-179.774733874392,1.6907664461403,0.815924771510979,-267.772261577052,-20.3203350353279,125.963106093677,-115.952202826886,2.89193393422238,-36.0001421779529,3.64618796623475,12.0894372642187,2,13.3012048798914,2.21863854689524,13.2025464410845,-92.2958993306395,17.253019854418,13.2025464410859
"125",2011-10-01,98.8451969197531,0.02431019812974,0.57203423146035,-160.237671149427,22.557055161003,-103.617359025731,-53.3421150850009,-1.32427989499107,-34.9010143835073,-2.82516359798315,NA,NA,NA,NA,NA,NA,NA,NA
"126",2011-11-01,-80.7997440823046,2.46492677219941,2.54042951951128,160.237671149427,-52.5297948644396,150.618776869803,0,1.30092291271211,-124.327439962023,-0.515061475987011,NA,NA,NA,NA,NA,NA,NA,NA
"127",2011-12-01,-18.0454528374485,0.679089714554237,1.98968805062165,-160.237671149427,25.4099965637505,401.647800355738,35.8235557796176,-1.03594999342604,306.660823502335,0.779463757125143,-17.0443282028359,2,-17.0654968189108,2.81042949004231,-14.2458129955514,-20.3043088904231,11.0274943123116,-14.2458129955514
"128",2012-01-01,-6.07596234785603,4.10273360257811,3.58281484630538,160.237671149427,-4.58015823204097,24.7453159150048,133.470762132269,3.00412640357237,-15.3875397880451,2.35345022750231,NA,NA,NA,NA,NA,NA,NA,NA
"129",2012-02-01,0,2.67916518152376,1.66671725818937,267.772261577052,-20.8298383317095,-452.44624380841,-15.8942721000246,2.25204885999162,117.386458067476,3.07434804261995,NA,NA,NA,NA,NA,NA,NA,NA
"130",2012-03-01,116.032349762965,2.28823834892147,2.03797638183048,314.837117360989,20.8298383317095,-114.71668525921,-65.7698837939939,0.605002921482622,-88.1900326738986,0.112078555071449,20.1778791406497,1.7,20.8302457314332,-2.32446174711782,19.219292036135,146.640867345477,14.2964400078032,15.284075385263
"131",2012-04-01,-68.2648492824617,1.57514263526686,1.81799062568686,88.9295665844663,-9.21309707884124,88.1371285644406,-124.556152417972,-1.58296013177406,-24.4154893640474,0.631959288131867,NA,NA,NA,NA,NA,NA,NA,NA
"132",2012-05-01,-156.063753897837,-1.34655860237238,1.21447155306136,160.237671149427,-28.0714554896464,-60.2634861241903,90.268105485105,2.48989297858699,34.9838738196379,4.4497357535743,NA,NA,NA,NA,NA,NA,NA,NA
"133",2012-06-01,-126.432618789392,-0.601630431036781,1.23725592425856,0,-11.893060679345,196.500161072551,100.057930726861,1.68027670710984,49.647190188676,0.311740988405873,-7.06326103099428,1.7,-6.31417724722745,2.44515816636728,-5.17049372914329,-37.0902291686775,9.21730351936958,-5.17049372914045
"134",2012-07-01,-68.5900966079384,0.433204312681212,1.23598156954507,0,-36.4031959309671,-174.059517907349,31.5807699808483,-1.0450568506954,60.8155138200736,1.14151178896655,NA,NA,NA,NA,NA,NA,NA,NA
"135",2012-08-01,112.231269612988,4.02372571279237,0.755361744289473,-249.167237733893,9.81600565431684,-154.160629153697,-31.5807699808483,-1.4335947150947,-54.5763724239151,2.07739729827949,NA,NA,NA,NA,NA,NA,NA,NA
"136",2012-09-01,28.236596892233,3.63974058560963,1.48535625584962,88.9295665844663,-17.2310652934667,-49.5638352164022,-153.400045811862,3.07431368804529,82.1273816648098,-0.769308560155935,3.67469990200746,0.6,2.87939442247342,3.9387889560377,3.28310185396532,-82.4282948022471,2.23022515610438,3.28310185396248
"137",2012-10-01,20.7497965320731,3.55722049442697,2.8935556711005,160.237671149427,-66.2588671229361,120.012689679012,-18.3209665569461,3.0433147744354,17.8004781174714,-0.145074561308078,NA,NA,NA,NA,NA,NA,NA,NA
"138",2012-11-01,-70.6086000275202,-0.810786672737862,1.30102015499247,0,-18.4822135338078,377.891254164207,0,-1.667460350901,-79.210211238712,-0.205601522235099,NA,NA,NA,NA,NA,NA,NA,NA
"139",2012-12-01,49.8588034954471,-0.19085297403052,0.870537416131967,0,31.5116575002668,199.837384978457,71.6630816419469,2.23818746027078,88.4665369148198,-5.45504751751409,2.89788753143547,0.7,3.49892246724153,1.85980306429272,5.19078813138094,-4.60594534023286,7.71634754061665,5.19078813138236
"140",2013-01-01,125.734741479812,2.31204759178247,2.46508137396972,-160.237671149427,25.6420012868388,-30.5166525121479,177.504156091946,1.04049256497163,-146.15966644821,4.24356558809791,NA,NA,NA,NA,NA,NA,NA,NA
"141",2013-02-01,43.1923231774865,4.38540075975133,1.43859961845578,82.7914457843417,30.0642029346601,-423.814577006186,-93.5538497636537,-3.47954917105184,267.93423232344,-1.30062926044054,NA,NA,NA,NA,NA,NA,NA,NA
"142",2013-03-01,-12.1828457568216,-1.57879921279616,1.1045295395224,-82.7914457843417,0,-76.3678182685055,-66.6838213857733,-2.3743470076667,-78.7342963457274,-1.63025301741477,3.71871700123805,1.3,2.84616894939447,0.831724642455001,-0.293790562751894,130.263928754249,7.05256162674388,3.93475506748615
"143",2013-04-01,-129.156797030838,-0.938767272225505,0.925596343504509,82.7914457843417,-66.1184170523256,-70.5234462184173,-145.633028405121,3.00774322328223,-163.784573027303,-1.23648289337446,NA,NA,NA,NA,NA,NA,NA,NA
"144",2013-05-01,110.64743264008,0.784337055166517,1.29226677838012,-372.185913964607,36.0542141176656,-67.1163317526819,38.0984379774963,1.09606671499378,86.7103465790734,-2.61748441006908,NA,NA,NA,NA,NA,NA,NA,NA
"145",2013-06-01,210.466944021972,2.58705190243305,1.96536968603453,-240.804834554582,111.370193608747,215.402795018799,90.268105485105,1.64222522699049,516.639491199816,-0.505917841254444,2.99493377352142,1.8,4.00333349159929,5.77414651715777,5.54761653536389,-31.5130039418833,4.72401314751991,5.54761653536389
"146",2013-07-01,137.856331198107,1.49272906277034,1.52508579430126,0,29.6875274109071,-7.25202932358258,17.2664849425193,-1.15626253533918,573.053768971376,-3.3795171691434,NA,NA,NA,NA,NA,NA,NA,NA
"147",2013-08-01,72.2022257597434,1.84557178109337,1.39334437947767,-141.33964278766,22.347014517602,-302.28265256633,-52.5631471900713,0.046271898824557,-1137.324634568,-1.78188776499759,NA,NA,NA,NA,NA,NA,NA,NA
"148",2013-09-01,30.2718755348107,0.472766676064396,1.34457760130999,0,11.0193611788019,-76.8715287126234,-112.582506261186,0.632203861813707,-176.651308729001,1.05410262062371,-2.83550332296834,2.3,-3.5373453745116,1.96067382121754,-2.87286797902908,-86.1031515719809,8.28737319470108,-2.87286797902908
"149",2013-10-01,-84.0121986871787,2.03077698118364,2.54349649229795,141.33964278766,-35.6241374160508,164.74549511518,-19.8351623414526,-7.84124455196462,277.867548114501,0.620579822924938,NA,NA,NA,NA,NA,NA,NA,NA
"150",2013-11-01,44.9490750418805,1.87423602586101,2.10372760273572,-141.33964278766,15.7158467038148,187.188532338239,-20.1685419796574,4.58414820980835,84.8193620725525,-0.185259691603434,NA,NA,NA,NA,NA,NA,NA,NA
"151",2013-12-01,76.8946280214267,2.38864589938004,1.63108074416058,141.33964278766,0,495.067176048538,-20.5133200311602,-0.641655434733224,-335.792518823605,-0.651493000889047,1.7630907358086,2.3,2.01365203334767,-1.58647043779006,3.03880645148524,-9.18835158144731,7.92224863417523,3.03880645148666
"152",2014-01-01,-16.6669345928004,2.27831074201958,1.09006205025395,-301.577313937087,-43.145612395075,-67.7749705406626,155.054077776007,1.31386592372706,183.114890616586,-4.75463581356124,NA,NA,NA,NA,NA,NA,NA,NA
"153",2014-02-01,-64.647587928182,0.703757302103369,0.737866943679677,0,-20.9917889370207,-327.346956127637,18.0454528374489,1.01146916728965,-200.679268406667,1.75531962936901,NA,NA,NA,NA,NA,NA,NA,NA
"154",2014-03-01,4.41989449955567,2.40139478131525,2.28100257301769,160.237671149427,-9.44886771708706,-284.527513241289,-54.9714432375531,4.19889292688183,240.782921141896,2.85629084583121,12.45323818681,0.7,12.3003698355493,0.0701241784117457,5.81927717391437,127.838510454955,6.84411772269726,9.56107451387709
"155",2014-04-01,-4.41989449955567,2.32652239375071,2.27667498713124,141.33964278766,-38.5575338193518,-0.868127363203541,-226.30940376906,-5.07905458666116,135.280707807655,-5.67035886959175,NA,NA,NA,NA,NA,NA,NA,NA
"156",2014-05-01,-68.3296516801661,2.06553554093034,2.12100667046862,0,-34.7850442479029,-117.403179147943,87.3112251389142,2.43045480492299,171.030367459637,-1.85127276475079,NA,NA,NA,NA,NA,NA,NA,NA
"157",2014-06-01,18.6050238431582,1.35175830252869,1.38478785350351,126.432618789392,10.04189960462,279.779032117838,20.8700912542429,0.177269092878873,-99.3895950169968,-0.655646510157837,-6.78667223362339,1.4,-6.61487888373564,10.7005112586361,-0.789751494674817,-33.7552067098528,12.0501823415491,-0.789751494674817
"158",2014-07-01,-28.0168367963893,1.80385535240219,2.196089676535,-126.432618789392,-17.6288584920043,-189.54066928444,99.2300590141359,2.3098103463461,177.404843237422,-3.37634917593164,NA,NA,NA,NA,NA,NA,NA,NA
"159",2014-08-01,-58.0758490342202,-0.151186963231353,0.452661568307633,0,-10.1911440547844,-245.035351241368,-78.7167389829757,0.945738618874259,-595.210166782711,5.2194559125109,NA,NA,NA,NA,NA,NA,NA,NA
"160",2014-09-01,53.3421150850005,0.302354880947675,1.48445975324414,0,27.8200025467886,-145.70583563649,-198.617326173088,-0.691930697966825,622.479674475273,-0.542194011913821,3.27318874376026,1.5,2.49035031733804,4.00761850103919,2.64983655634694,-61.0413329995872,9.98292368823215,2.64983655634552
"161",2014-10-01,-114.37221576519,-0.302354880947675,1.07740214318888,0,-27.8200025467886,199.206976043123,-24.2432487810231,2.89575986157971,-223.116478381595,-1.68353836615829,NA,NA,NA,NA,NA,NA,NA,NA
"162",2014-11-01,15.5509735710064,-0.919161358720544,1.28466658682456,0,25.3173947575629,292.612012616915,0,0.590583276810719,-218.12325162885,-0.324240155051569,NA,NA,NA,NA,NA,NA,NA,NA
"163",2014-12-01,-63.4509024575374,-1.8404375616651,1.12151161711083,345.218486942137,-12.5919308590064,365.432230753446,24.2432487810231,-1.24286355595729,-6.57872591453241,1.46639199651659,4.47496472984845,0.9,5.83147404388669,0.045055192658694,6.42902170372537,-2.93041603682909,5.7414929187253,6.42902170372679
"164",2015-01-01,-194.064886425364,-5.55002084722354,-0.242712603100514,-104.413652387556,-75.7596474346036,103.972679553512,218.785868152746,5.34590272765314,-1503.45140948774,-0.36933284326004,NA,NA,NA,NA,NA,NA,NA,NA
"165",2015-02-01,62.1900814375033,1.97758200574256,1.20152511289717,0,16.0716688037259,-380.56283597582,-20.1685419796574,-2.95338621505863,1428.21072627641,-0.585478534922856,NA,NA,NA,NA,NA,NA,NA,NA
"166",2015-03-01,35.8235557796175,2.30112255071013,1.84615421028731,0,7.95583024640338,-177.610133512936,-41.3834112854031,-0.00766070727493684,-1576.99939771555,-0.519996026894631,21.3220929196396,0.1,21.5517322406548,3.2977388771485,14.7246529898524,112.159098403055,2.31737796214304,11.8245510222692
"167",2015-04-01,-60.314201737066,0.921547038841197,2.02749453039566,104.413652387556,-15.9647587516353,-40.753330996278,-206.220308311991,3.19028058217441,2142.50813374781,-0.513640591729825,NA,NA,NA,NA,NA,NA,NA,NA
"168",2015-05-01,150.92326474684,2.86510283340178,1.48388878241192,0,105.083108471864,-196.602234152692,141.33964278766,4.50699742735452,-397.804548460334,-2.69626911550382,NA,NA,NA,NA,NA,NA,NA,NA
"169",2015-06-01,84.2451104078981,2.32432086304151,1.4476104696719,96.0512492082437,57.4960268350773,371.956270867551,22.0189664018357,-4.49171674023248,-636.282137980536,-0.305921818114641,-18.1035446905458,-1.3,-19.1381404815147,5.14990465426344,-11.8153243989667,-26.7333590674021,3.42802406025555,-11.8153243989681
"170",2015-07-01,-20.5133200311602,0.986474714277819,1.05588346187098,0,16.2635596856441,-180.236988410782,63.731790376738,-0.496721960610813,-569.708231503105,-2.4432418374758,NA,NA,NA,NA,NA,NA,NA,NA
"171",2015-08-01,-80.2080217510205,0.0116007598492729,0.871551342295263,88.9295665844663,-2.30991409150123,-220.613942499755,-63.731790376738,1.33686023585611,-70.5528099657091,-3.40161686566525,NA,NA,NA,NA,NA,NA,NA,NA
"172",2015-09-01,0,-1.77622159735584,1.54659126963139,0,34.1903469531674,-113.651099581081,-90.6090630097743,-3.35643168121251,-74.3032575005703,-2.54482921073169,2.3593599810475,-1.5,1.17768169483696,4.97554293272593,1.72179380515445,-66.2672177505364,3.73645914922491,1.72179380515445
"173",2015-10-01,-56.6142723301086,-0.174280970276186,0.171720496564731,-184.98081579271,0,178.511131835984,-23.7631527554157,3.31825633548419,-36.6691770120962,-17.0616250668793,NA,NA,NA,NA,NA,NA,NA,NA
"174",2015-11-01,105.3794472083,0.731810042476155,1.26996851233692,0,26.6677641416521,256.023195631685,0,2.25789088639772,-28.9192410075543,-1.79022668909177,NA,NA,NA,NA,NA,NA,NA,NA
"175",2015-12-01,-10.6667369006951,-0.975845932087438,0.788763013695259,831.776616671934,0,321.139945442398,0,4.35122094000988,341.925016787781,-4.57942584376774,12.8186717912733,-1.9,13.9515974531292,1.06594216718108,14.6025298145815,-17.2361705979533,-1.72731364809806,14.602529814583
"176",2016-01-01,-83.1741598682747,0.615804698858113,2.22631394936457,417.968033121859,-2.1998172979929,197.373757154003,198.617326173088,1.85890684154657,-120.304192637213,-1.21900567921642,NA,NA,NA,NA,NA,NA,NA,NA
"177",2016-02-01,-192.660842007271,-0.743652830895414,1.88058336561134,133.470762132269,-24.4679468436592,-549.700078226685,20.1685419796574,2.7262412331801,-60.8303682091481,-2.07701350873748,NA,NA,NA,NA,NA,NA,NA,NA
"178",2016-03-01,71.9561577210686,2.77472877022902,1.72981204974079,-64.880665524331,-48.1439925473103,-164.574324368547,-20.1685419796574,4.07024514020975,439.611380697337,7.63680328769816,-21.8928683257996,-0.4,-22.8083771496539,4.14959416274208,-28.6621606747261,139.73213987892,1.0866470437854,-24.7229249264421
"179",2016-04-01,-51.8999805525799,3.95940620852677,3.00984034332252,32.8787690257375,-82.2902973118254,-16.4303310628611,-151.552470389151,-0.286504148132849,-386.084136910642,-4.08620882345971,NA,NA,NA,NA,NA,NA,NA,NA
"180",2016-05-01,0,1.77863362687489,1.83626661692138,0,-27.8787617919222,4.71738054654693,45.2883935794166,-2.6949763627222,-105.464987101325,0.851202086325387,NA,NA,NA,NA,NA,NA,NA,NA
"181",2016-06-01,-118.356724129953,2.28294776569982,1.46020534466231,32.0018964985936,-39.0914045215351,201.578310805542,85.7507567785738,1.38221452822904,121.263520483768,-2.17442576979927,9.69699733323139,-0.2,10.8407389459106,6.16594869173213,15.8113896404075,-51.546049301087,3.61377428863889,15.8113896404103
"182",2016-07-01,-107.077360473531,0.495218176543943,2.03453099118782,31.1705836839128,-85.0641737364267,-252.060702331781,40.6818620108176,1.71234089798133,-139.558915853623,2.72606666733459,NA,NA,NA,NA,NA,NA,NA,NA
"183",2016-08-01,47.0648557839376,1.79489179739463,2.24527950494497,30.3813695811479,5.67376943513507,-132.324672020216,-20.1685419796574,2.77077260471756,246.814985107693,-3.15907754531608,NA,NA,NA,NA,NA,NA,NA,NA
"184",2016-09-01,52.6730322686702,2.0791757423563,1.38568795175544,0,19.6495618461479,-112.438157317867,-106.264076809734,1.14258518510866,568.036444549355,-1.84719739899286,18.0886599435294,-0.4,16.6413977148487,3.43621180870528,15.9596000962978,-74.1530431386792,4.31300080378065,15.9596000962949
"185",2016-10-01,92.0805530776674,2.64831172593176,1.77764475869076,0,19.3329843272382,106.19139672515,-45.2883935794166,-0.819243484291832,-596.938746100744,-0.580323969931484,NA,NA,NA,NA,NA,NA,NA,NA
"186",2016-11-01,234.59042398044,0.45798905198744,0.584472160145211,29.6311351084456,87.1670203679659,201.190553353242,-47.0648557839376,-0.744568528264011,268.958117229469,-2.16239701208352,NA,NA,NA,NA,NA,NA,NA,NA
"187",2016-12-01,181.772257731427,2.18449091268482,1.57216541452279,330.49437583196,30.190271563386,374.55161443665,23.7631527554157,1.29329803485447,-304.818610902718,1.57748725404971,-8.13912485003634,0,-6.5942448702593,0.482496452891823,-7.23518237520437,-1.8559251854235,5.29674113444401,-7.23518237520295
"188",2017-01-01,-29.2697437489911,4.45955128909041,3.09339183321775,222.483867997635,-42.997223432312,80.0663278327406,195.02271539733,-0.435956384102099,-535.498190559378,2.78773625318642,NA,NA,NA,NA,NA,NA,NA,NA
"189",2017-02-01,-4.94846062063448,1.8428465357136,2.33716566827589,18.3209665569461,-5.16129827926886,-519.471145819565,19.8351623414526,1.79542350828541,866.215682041801,3.05787146998142,NA,NA,NA,NA,NA,NA,NA,NA
"190",2017-03-01,29.3892240099549,-0.659459373623861,-0.558716452186303,215.751732528715,10.3004924296696,18.271273000537,-102.626608125794,2.08502658738183,1212.55696730761,-6.04369906314766,7.8607797144489,-0.7,7.85150884348091,-0.503487767739941,4.86906753746581,118.230082485203,6.75681042210599,7.89589289727388
"191",2017-04-01,-90.4193246901443,2.63566584541621,2.8578884493772,156.434181435892,-28.5418860281304,-216.292436955564,-210.244906830109,1.55765400269701,-1564.77079418439,-0.229619188786145,NA,NA,NA,NA,NA,NA,NA,NA
"192",2017-05-01,0,-0.340493149859711,1.1033766142674,13.259803423902,-5.26316633190502,-73.1287269600585,25.2640910373987,-2.07482269951171,427.362624942906,-1.14862405897682,NA,NA,NA,NA,NA,NA,NA,NA
"193",2017-06-01,-58.8090949280334,1.14594225104376,1.74772173104998,160.237671149427,-48.4370686264324,398.938349457359,118.909083173077,0.929245034882342,-611.019509707432,-0.436806022599256,-3.43414302815042,0,-4.02596934572408,11.3412325689854,3.59479695814571,-21.7827435749925,6.18271729184343,3.59479695814429
"194",2017-07-01,69.198770219771,0.30615571585848,0.722834645634407,120.649475066253,5.47946157549735,-287.312898975173,44.449526016419,2.02087032485849,-32.2319365511742,0.0734643496212328,NA,NA,NA,NA,NA,NA,NA,NA
"195",2017-08-01,-58.2896041782685,2.84238224761246,1.47767534816801,10.3896752917375,-22.0695875657084,-197.102851252306,-22.0189664018357,0.926964238364292,116.090947775847,1.44347681637278,NA,NA,NA,NA,NA,NA,NA,NA
"196",2017-09-01,-5.44218619846939,4.49328790519488,1.5645735471427,-10.3896752917375,-2.78745769936748,-89.8715364048712,-192.411180090216,4.13271328446712,-31.1290818593118,2.05426628190892,-0.335172526928673,-0.6,-0.404693582668614,3.04910511903067,-1.97517361183088,-70.1151917987687,3.79667173460803,-1.97517361182946
"197",2017-10-01,84.2451104078981,1.76786073008479,3.14516085802445,0,5.56845546780265,100.659023734066,-53.3421150850003,-6.20441949715982,185.480591565397,2.4330079284244,NA,NA,NA,NA,NA,NA,NA,NA
"198",2017-11-01,-5.09554905774134,1.98994766245555,0.917629869526948,10.3896752917375,-13.9698900185831,338.437681131559,26.9674270224703,2.01939665217807,-189.371158391878,-0.173381120886518,NA,NA,NA,NA,NA,NA,NA,NA
"199",2017-12-01,25.2640910373987,1.73990348761812,1.76694736605292,136.733111219061,-14.134439031135,415.813158317393,0,-0.328855174988973,204.996176263793,3.66663435459422,8.52090970687946,0.7,9.5275142830296,0.950623661850258,9.61575341657124,4.01325906746379,9.20357194680577,9.61575341657124
"200",2018-01-01,86.7847938955515,4.27728103058804,3.72414471946989,97.470527907103,11.3208386800303,95.2921816932623,218.785868152746,3.45594625757855,-22.4138949139711,-0.76246243237712,NA,NA,NA,NA,NA,NA,NA,NA
"201",2018-02-01,123.638671077882,2.93599294316174,2.53856709642513,8.48060066771097,68.4335918799696,-566.907930392423,0,6.30398793385538,-33.3997553747469,0.783160016586848,NA,NA,NA,NA,NA,NA,NA,NA
"202",2018-03-01,-8.42108719037586,1.69357787091542,2.75228220965928,73.7433350563964,34.1006552682923,-91.646327398874,-141.33964278766,-0.63781266372942,-63.2713990426275,1.46467995397899,7.78393729020586,1.5,7.16321777242577,4.30003638710978,6.94161697525715,91.5108456417421,7.8117632555518,11.9282966519222
"203",2018-04-01,12.6095731180982,2.34699863938417,2.05734346738708,135.142653729779,7.73364653117037,-146.193971072631,-189.1547330443,0.363446439239823,-175.52964575941,-0.0291762501795745,NA,NA,NA,NA,NA,NA,NA,NA
"204",2018-05-01,45.1335248949398,2.27587136461764,2.25028057895535,7.07966655262591,40.4248751804105,-29.8730370332045,-29.6311351084458,0.541256948666557,323.858156622735,2.54504657920158,NA,NA,NA,NA,NA,NA,NA,NA
"205",2018-06-01,-28.5242632006941,1.37453250445141,1.27619553088891,81.8499000318404,0,308.117551308021,193.521777115347,2.20698570519247,-154.746817638666,3.76379668431639,-1.48014577089235,1.9,-1.53145784039239,9.55811669644291,4.40688594168961,-11.3869755143568,8.39579743728009,4.40688594168961
"206",2018-07-01,-8.27589487087259,1.10734825653047,1.59061632426045,57.9200891638013,-9.97926748998905,-218.178273203054,25.2640910373987,0.798846140673959,345.6734756494,1.26430227156114,NA,NA,NA,NA,NA,NA,NA,NA
"207",2018-08-01,0,0.940443255044698,0.293924207125684,0,-5.02092782708887,-179.632085718585,-51.0715373025553,-4.51157593716474,167.867021181301,5.8704910930242,NA,NA,NA,NA,NA,NA,NA,NA
"208",2018-09-01,44.8269438525228,2.60725567490461,2.50088436945113,24.8713566205404,27.3586979577672,-142.782435890899,-198.095700431338,2.63936791254906,-387.517404219571,-1.48271382331977,0.784443862134054,3.1,0.41492706388695,4.40535224479497,-1.68387441785853,-54.5496007069474,3.18388509211687,-1.68387441785853
"209",2018-10-01,58.5481970033183,2.05088673566607,1.62820804529353,139.286605503305,45.8347172856434,7.84161206267342,-31.1705836839128,3.6233697728882,-50.0370695453356,1.28576892096213,NA,NA,NA,NA,NA,NA,NA,NA
"210",2018-11-01,-11.4833412193807,0.495656131841571,2.22165088722015,5.46697984303308,34.9879011497465,410.413872239138,-32.0018964985933,1.57165147303289,4.60757172585033,3.08013480406117,NA,NA,NA,NA,NA,NA,NA,NA
"211",2018-12-01,-117.067548199494,0.242246284544478,1.92571263829393,37.5869653548493,-20.8700912542429,450.26288835867,93.553849763654,3.0047517264336,-179.642646783762,-0.733393041359065,1.85898451252946,1.4,2.06126174409569,-2.03168897301786,1.33579984550067,-18.5573347295126,1.99650320110933,1.33579984550067
"212",2019-01-01,-51.9936921162441,-0.154151068257846,1.35048158917179,66.8266870327062,-2.34146415751431,-15.5336326558398,267.772261577052,-0.544421224599034,-23.2775558688061,-0.151801970321941,NA,NA,NA,NA,NA,NA,NA,NA
"213",2019-02-01,-13.358208442613,1.85950166264348,0.787978853631444,0,-40.5202349649809,-305.045524443766,-24.2432487810231,0.30902614016739,104.629309931896,1.26428585463785,NA,NA,NA,NA,NA,NA,NA,NA
"214",2019-03-01,-50.2930747387644,3.26091632531806,1.54207707342309,4.98961217839655,-26.9674270224703,-231.736644485998,-50.0072356806816,-0.581329403763675,-56.7831317617102,2.30863235573118,8.5435038076394,-0.4,8.89220253406222,6.10258004572408,9.60194321017696,92.7114203888387,3.25447615776753,8.15200821027702
"215",2019-04-01,-18.8239154012396,3.68939681101317,3.22870149934751,4.96895119923768,-35.2226544150328,-133.352240953246,-287.075626879001,-2.89612240906933,100.4320746562,1.33368539715057,NA,NA,NA,NA,NA,NA,NA,NA
"216",2019-05-01,-63.3006784626347,0.830464984246149,1.32126070200052,-14.9690090702109,-18.0067687414443,-57.4432810727821,93.553849763654,1.18729748965762,-31.4738581799517,1.43345892025053,NA,NA,NA,NA,NA,NA,NA,NA
"217",2019-06-01,-177.504156091947,0.86263772477011,2.43461090871264,-5.0314539120432,-44.8897224794041,459.995723175684,141.33964278766,1.66466181032519,209.015465151205,-4.79738502736637,1.85550044167506,-2.2,2.22742585369886,8.05700998598944,7.74111980115748,13.6278062573545,8.0411052719171,7.74111980115748
"218",2019-07-01,-5.81114937094545,1.73431714193768,1.68096495587875,10.0418996046198,-49.4349077259207,-340.130793832494,126.432618789391,3.25634730805646,-77.045418304467,-3.9058280102946,NA,NA,NA,NA,NA,NA,NA,NA
"219",2019-08-01,-280.951161579383,0.414120044432309,1.20841085483434,-143.216109159079,-120.838203062418,-127.188592355319,-48.986393424306,2.2148481746477,23.7842780837727,-5.73553728773817,NA,NA,NA,NA,NA,NA,NA,NA
"220",2019-09-01,50.4578834921994,0.816923045632478,0.737281254131616,-51.8066062382503,12.3394403467009,-143.745726387338,-189.1547330443,1.76455007404215,-31.727926011234,-2.71255861971333,2.54946836930117,-3,2.43156047616004,5.61504060950995,-1.18016385496134,-68.5436202312346,4.77769187897863,-1.18016385496418
"221",2019-10-01,7.03814334287771,2.34963588643318,1.6758959292094,-130.360609203355,3.06513576611591,135.507211643074,0,2.34627044056666,305.633571810108,-5.77013324319218,NA,NA,NA,NA,NA,NA,NA,NA
"222",2019-11-01,68.2001697157991,0.499791760661239,0.298640122419158,-199.273243106609,6.10688340896575,353.240921736236,0,0.715393761493033,-197.011798277448,-1.18449571855557,NA,NA,NA,NA,NA,NA,NA,NA
"223",2019-12-01,32.6995709368507,2.89686178520405,2.64185888964832,0,-18.4146836095926,531.362202843934,57.1536587871056,1.45137634044445,-36.8942691672171,-2.28821912981303,1.02242038917879,-3.1,1.28136983145168,2.57649844114276,-1.5105141648732,-14.7935463399257,-1.37333884096975,-1.51051416487036
"224",2020-01-01,-66.3152144100594,2.25189528372631,2.50863763964553,0,-34.5121826103153,-123.158259393751,228.052323465438,-1.12302203193764,1587.3875515577,-0.0700713062400382,NA,NA,NA,NA,NA,NA,NA,NA
"225",2020-02-01,-191.818441130275,1.36207641169896,2.10066627773635,23.0038993292642,-52.0406749381556,-500.21688450814,0,0.758519696320548,-1682.75536840547,-0.826261325871158,NA,NA,NA,NA,NA,NA,NA,NA
"226",2020-03-01,-653.672610530006,-2.66073098814026,-0.667995016122802,-1065.8493157576,207.094752714163,3161.67659868604,171.721012368808,-13.3364440011569,-156.951566880159,-1.970231634456,12.1397378421207,-3.2,12.4388623653346,5.12184893208385,11.6970970250605,77.7614438694158,-1.53361525695885,1.63346821407515
"227",2020-04-01,-331.50405195379,-6.37291657584633,-5.04847718420045,-3077.93922895384,-45.6111911603811,-253.970846487237,1184.47176331483,-48.1836588559304,-1194.19146515005,-141.10653215502,NA,NA,NA,NA,NA,NA,NA,NA
"228",2020-05-01,18.0454528374487,1.26207001977505,1.60718823777977,0,-53.4741936718929,-1365.83092702731,-211.35550385524,13.4623645463797,1144.92046208106,39.6605501951228,NA,NA,NA,NA,NA,NA,NA,NA
"229",2020-06-01,102.92018610891,4.26596679918561,2.46513567897928,564.004355094882,-98.0782767172575,-134.691760704239,-192.411180090215,12.9226676260352,235.455345220301,14.1860253278704,12.8689916839999,-15.2,12.6533681872147,4.44859264535928,-44.9468912059587,-137.489953515577,-32.4391929871801,-44.9468912059587
"230",2020-07-01,-195.990067323959,3.52721854544313,3.96333746598074,141.33964278766,-114.042590711613,-102.78234983178,30.9029953228979,1.35814101769896,341.813080859403,-11.8750050282625,NA,NA,NA,NA,NA,NA,NA,NA
"231",2020-08-01,56.7034618206547,3.65691144782012,3.77101367960471,126.432618789392,-14.5898453757713,-496.572755395594,-247.603719597394,5.17832445926061,-330.675461115887,1.17862253520791,NA,NA,NA,NA,NA,NA,NA,NA
"232",2020-09-01,54.1445223365635,2.17375767885351,2.07586073956669,-126.432618789392,32.5811868791408,-212.571697324277,-118.128087375903,-4.14386748507667,426.068673390794,3.93235289284313,-1.43661349755497,-5.4,-1.27307488442554,7.92702111227932,20.2055059857216,148.058735572726,27.6315151348811,20.2055059857216
"233",2020-10-01,179.928176749098,0.376241263311528,0.400007021370641,0,28.236596892233,-106.687422503263,-162.209734041903,5.09180263440498,-232.508601273256,4.78525450004881,NA,NA,NA,NA,NA,NA,NA,NA
"234",2020-11-01,115.752319425075,0.193449582621597,0.326222789372821,0,-49.8588034954469,191.228690761188,-15.8942721000246,-2.20304816787973,88.2231469613558,-2.05462453990073,NA,NA,NA,NA,NA,NA,NA,NA
"235",2020-12-01,80.0296493984067,5.18998557160302,3.92874688915335,0,-52.0205290483366,646.501975858831,92.3532493633543,0.986270719570825,123.267657786175,4.89553584895397,13.4365740025391,-2.8,13.5788008698505,6.73835770771838,16.2934447693061,-69.8217326337272,18.1319690042002,16.2934447693061
